1-800-Flowers.Com Inc ,
,
1347 Property Insurance Holdings Inc ,
,
1st Constitution Bancorp ,
,
1st Source Corporation ,
,
21Vianet Group Inc ,
,
2U Inc ,
,
3SBio Inc ,
,
"51job, Inc. (ADR) ",
,
8Point3 Energy Partners LP ,
,
"8x8, Inc. ",
,
A Schulman Inc ,
,
A-Mark Precious Metals Inc ,
,
"AAON, Inc. ",
,
"ABIOMED, Inc. ",
,
AC Immune Ltd ,
,
ACADIA Pharmaceuticals Inc. ,
,
ACI Worldwide Inc ,
,
ACNB Corporation ,
,
"ADDvantage Technologies Group, Inc. ",
,
ADMA Biologics Inc ,
,
"ADTRAN, Inc. ",
,
AEP Industries Inc ,
,
AEterna Zentaris Inc. (USA) ,
,
AGNC Investment Corp ,
,
AGNC Investment Corp ,
,
AGNC Investment Corp. - Depositary Shares representing 1/1000th Series B Preferred Stock ,
,
"ALJ Regional Holdings, Inc. ",
,
ALPS ETF Trust ,
,
ALPS ETF Trust ,
,
ALPS ETF Trust ,
,
ALPS/Dorsey Wright Sector Momentum ETF ,
,
"AMAG Pharmaceuticals, Inc. ",
,
AMC Networks Inc ,
,
AMERCO ,
,
ANI Pharmaceuticals Inc ,
,
"ANSYS, Inc. ",
,
API Technologies Corp ,
,
ARC Group WorldWide Inc ,
,
"ARI Network Services, Inc. ",
,
ARRIS International plc ,
,
ASB Bancorp Inc ,
,
ASML Holding NV (ADR) ,
,
ATA Inc.(ADR) ,
,
ATN International Inc ,
,
AV Homes Inc ,
,
"AVEO Pharmaceuticals, Inc. ",
,
AXT Inc ,
,
Abaxis Inc ,
,
Abeona Therapeutics Inc ,
,
Ability Inc ,
,
Abraxas Petroleum Corp. ,
,
"Acacia Communications, Inc. ",
,
Acacia Research Corp ,
,
Acadia Healthcare Company Inc ,
,
Acasti Pharma Inc ,
,
Accelerate Diagnostics Inc ,
,
Acceleron Pharma Inc ,
,
Access National Corporation ,
,
AccuShares S&P GSCI Crude Oil Excess Return Down Shares ,
,
AccuShares S&P GSCI Crude Oil Excess Return Up Shares ,
,
AccuShares Spot CBOE VIX Down Shares ,
,
AccuShares Spot CBOE VIX Up Shares ,
,
Accuray Incorporated ,
,
AcelRx Pharmaceuticals Inc ,
,
Aceto Corporation ,
,
Achaogen Inc ,
,
"Achillion Pharmaceuticals, Inc. ",
,
Aclaris Therapeutics Inc ,
,
Acorda Therapeutics Inc ,
,
"Actions Semiconductor Co., Ltd. (ADR) ",
,
"Activision Blizzard, Inc. ",
,
Actua Corp ,
,
"Acura Pharmaceuticals, Inc. ",
,
Acxiom Corporation ,
,
Adamas Pharmaceuticals Inc ,
,
Adamis Pharmaceuticals Corp ,
,
Adaptimmune Therapeutics PLC - ADR ,
,
Addus Homecare Corporation ,
,
Adesto Technologies Corp ,
,
Adobe Systems Incorporated ,
,
Aduro BioTech Inc ,
,
Advanced Accelerator Application SA(ADR) ,
,
"Advanced Emissions Solutions, Inc. ",
,
"Advanced Energy Industries, Inc. ",
,
"Advanced Micro Devices, Inc. ",
,
"Advaxis, Inc. ",
,
"Advent Software, Inc. ",
,
Adverum Biotechnologies Inc ,
,
AdvisorShares Trust ,
,
AdvisorShares Trust ,
,
"Aegerion Pharmaceuticals, Inc. ",
,
Aegion Corp ,
,
Aeglea Bio Therapeutics Inc ,
,
Aehr Test Systems ,
,
Aemetis Inc ,
,
Aerie Pharmaceuticals Inc ,
,
"AeroVironment, Inc. ",
,
"Aethlon Medical, Inc. ",
,
Affimed NV ,
,
"Affymetrix, Inc. ",
,
Agenus Inc ,
,
Agile Therapeutics Inc ,
,
"Agilysys, Inc. ",
,
Agios Pharmaceuticals Inc ,
,
AgroFresh Solutions Inc ,
,
Aimmune Therapeutics Inc ,
,
Air Methods Corp ,
,
"Air T, Inc. ",
,
Air Transport Services Group Inc. ,
,
AirMedia Group Inc (ADR) ,
,
Airgain Inc ,
,
"Akamai Technologies, Inc. ",
,
Akari Therapeutics PLC (ADR) ,
,
Akebia Therapeutics Inc ,
,
Akers Biosciences Inc ,
,
"Akorn, Inc. ",
,
AlarmCom Hldg Inc ,
,
Alaska Communications Systems Group Inc ,
,
"Albany Molecular Research, Inc. ",
,
Albireo Pharma Inc ,
,
"Albireo Pharma, Inc. ",
,
Alcentra Capital Corp ,
,
Alcobra Ltd ,
,
Alder Biopharmaceuticals Inc ,
,
Aldeyra Therapeutics Inc ,
,
"Alexion Pharmaceuticals, Inc. ",
,
"Alico, Inc. ",
,
"Align Technology, Inc. ",
,
Alimera Sciences Inc ,
,
Alkermes Plc ,
,
Allegiance Bancshares Inc ,
,
Allegiant Travel Company ,
,
Alliance Bancorp Inc of Pennsylvania ,
,
Alliance Bankshares Corporation (Inactive) ,
,
Alliance Fiber Optic Products Inc ,
,
Alliance Financial Corporation (Inactive) ,
,
"Alliance HealthCare Services, Inc. ",
,
"Alliance Holdings GP, L.P. ",
,
Alliance MMA Inc ,
,
"Alliance Resource Partners, L.P. ",
,
Allied Healthcare Products Inc ,
,
"Allied Motion Technologies, Inc. ",
,
Alliqua Biomedical Inc ,
,
Allot Communications Ltd ,
,
Allscripts Healthcare Solutions Inc ,
,
Almost Family Inc ,
,
"Alnylam Pharmaceuticals, Inc. ",
,
Alpha and Omega Semiconductor Ltd ,
,
AlphaMark Actively Managed Small Cap ETF ,
,
Alphabet Inc ,
,
Alphabet Inc ,
,
Alphatec Holdings Inc ,
,
Alterra Capital Holdings Ltd ,
,
Altisource Portfolio Solutions S.A. ,
,
Altra Industrial Motion Corp ,
,
AmTrust Financial Services Inc ,
,
Amarin Corporation plc (ADR) ,
,
Amaya Inc. ,
,
"Amazon.com, Inc. ",
,
"Ambac Financial Group, Inc. ",
,
Ambarella Inc ,
,
Amdocs Limited ,
,
Amedica Corporation ,
,
Amedisys Inc ,
,
"AmeriServ Financial Inc. - AmeriServ Financial Trust I - 8.45% Beneficial Unsecured Securities, Series A ",
,
"AmeriServ Financial, Inc. ",
,
Ameriana Bancorp ,
,
America First Multifamily Investors LP ,
,
"America's Car-Mart, Inc. ",
,
American Airlines Group Inc ,
,
"American Airlines Group, Inc. - Series A Convertible Preferred Stock ",
,
American Capital Ltd. ,
,
American Capital Senior Floating Ltd ,
,
"American Electric Technologies, Inc. ",
,
American Independence Corp. ,
,
American National BankShares Inc ,
,
American National Insurance Company ,
,
American Outdoor Brands Corp ,
,
"American Public Education, Inc. ",
,
"American Railcar Industries, Inc. ",
,
American River Bankshares ,
,
"American Science & Engineering, Inc. ",
,
"American Software, Inc. ",
,
American Superconductor Corporation ,
,
American Woodmark Corporation ,
,
Ameris Bancorp ,
,
"Amerisafe, Inc. ",
,
Ames National Corporation ,
,
"Amgen, Inc. ",
,
"Amicus Therapeutics, Inc. ",
,
"Amkor Technology, Inc. ",
,
Amphastar Pharmaceuticals Inc ,
,
Amplify Online Retail ETF ,
,
"Amsurg Corp. - 5.250% Mandatory Convertible Preferred Stock, Series A-1 ",
,
"Amtech Systems, Inc. ",
,
Amyris Inc ,
,
Anacor Pharmaceuticals Inc ,
,
"Analog Devices, Inc. ",
,
Analogic Corporation ,
,
Analysts International Corporation (Inactive) ,
,
AnaptysBio Inc ,
,
Anavex Life Sciences Corp. ,
,
Ancestry.Com LLC (Inactive) ,
,
Anchor Bancorp ,
,
Andersons Inc ,
,
Andina Acquisition Corp ,
,
Andina Acquisition Corp II ,
,
Andina Acquisition Corp. II - Ordinary Shares ,
,
Angie's List Inc ,
,
"AngioDynamics, Inc. ",
,
Anika Therapeutics Inc ,
,
"Annapolis Bancorp, Inc. ",
,
Antares Pharma Inc ,
,
Anthera Pharmaceuticals Inc ,
,
Aoxin Tianli Group Inc ,
,
Apco Oil and Gas International Inc ,
,
Apigee Corp ,
,
Apogee Enterprises Inc ,
,
Apollo Education Group Inc ,
,
Apollo Endosurgery Inc ,
,
Apollo Investment Corp. ,
,
AppFolio Inc ,
,
Apple Inc. ,
,
Appliance Recycling Centers of America ,
,
Applied DNA Sciences Inc ,
,
Applied Genetic Technologies Corp ,
,
"Applied Materials, Inc. ",
,
Applied Micro Circuits Corporation ,
,
Applied Optoelectronics Inc ,
,
Approach Resources Inc. ,
,
Apptio Inc ,
,
Apricus Biosciences Inc ,
,
Aptevo Therapeutics Inc ,
,
Aptose Biosciences Inc ,
,
Aqua Metals Inc ,
,
"AquaBounty Technologies, Inc. ",
,
Aquasition Corp ,
,
Aquinox Pharmaceuticals Inc ,
,
"ArQule, Inc. ",
,
Aradigm Corporation ,
,
Aralez Pharmaceuticals Inc ,
,
Aratana Therapeutics Inc ,
,
Arbutus Biopharma Corp ,
,
ArcBest Corp ,
,
Arca Biopharma Inc ,
,
Arcadia Biosciences Inc ,
,
Arch Capital Group Ltd. ,
,
Arch Capital Group Ltd. - Depositary Shares Representing Interest in 5.25% Non-Cumulative Preferred Series E Shrs ,
,
Archrock Partners LP ,
,
Arctic Cat Inc ,
,
Ardelyx Inc ,
,
"Arena Pharmaceuticals, Inc. ",
,
Ares Capital Corporation ,
,
"Argo Group International Holdings, Ltd. ",
,
Argos Therapeutics Inc ,
,
"Ariad Pharmaceuticals, Inc. ",
,
Ark Restaurants Corp ,
,
Arotech Corporation ,
,
Arowana Inc ,
,
Arowana Inc. - Ordinary Shares ,
,
Array Biopharma Inc ,
,
Arrow Financial Corporation ,
,
Arrow Investments Trust ,
,
Arrowhead Pharmaceuticals Inc ,
,
Artesian Resources Corporation ,
,
Arts-Way Manufacturing Co. Inc. ,
,
Ascena Retail Group Inc ,
,
Ascendis Pharma A/S ,
,
Ascent Capital Group Inc ,
,
Asia Pacific Wire & Cable ,
,
"Aspen Technology, Inc. ",
,
Assembly Biosciences Inc ,
,
Asset Acceptance Capital Corp. (Inactive) ,
,
"Asta Funding, Inc. ",
,
"Astec Industries, Inc. ",
,
AstroNova Inc ,
,
Astronics Corporation ,
,
Astrotech Corp ,
,
Asure Software Inc ,
,
Atara Biotherapeutics Inc ,
,
"Athersys, Inc. ",
,
Atlantic Alliance Partnership Corp ,
,
Atlantic American Corporation ,
,
Atlantic Capital Bancshares Inc ,
,
Atlantic Coast Financial Corp ,
,
Atlantica Yield PLC ,
,
Atlanticus Holdings Corp ,
,
"Atlas Air Worldwide Holdings, Inc. ",
,
Atlas Financial Holdings Inc ,
,
Atlassian Corporation PLC ,
,
Atmel Corporation ,
,
Atomera Inc ,
,
Atossa Genetics Inc ,
,
AtriCure Inc. ,
,
Atrion Corporation ,
,
Attunity Ltd ,
,
Auburn National Bancorporation Inc ,
,
Audentes Therapeutics Inc ,
,
Audience Inc ,
,
AudioCodes Ltd. ,
,
Aurinia Pharmaceuticals Inc ,
,
Auris Medical Holding AG ,
,
Auspex Pharmaceuticals Inc ,
,
Australia Acquisition Corp ,
,
"AuthenTec, Inc. (Inactive) ",
,
AutoNavi Holdings Ltd (ADR) ,
,
Autobytel Inc. ,
,
"Autodesk, Inc. ",
,
Automatic Data Processing ,
,
Automatic Data Processing Inc. ,
,
Auxilium Pharmaceuticals Inc ,
,
Avadel Pharmaceuticals PLC (ADR) ,
,
Avadel Pharmaceuticals plc - American Depositary Shares each representing one Ordinary Share ,
,
Avanir Pharmaceuticals Inc (Inactive) ,
,
AveXis Inc ,
,
Avenue Financial Holdings Inc ,
,
Aviat Networks Inc ,
,
"Avid Technology, Inc. ",
,
Avinger Inc ,
,
Aviragen Therapeutics Inc ,
,
Avis Budget Group Inc. ,
,
Avista Healthcare Public Acquisition Corp. - Class A Ordinary Shares ,
,
"Aware, Inc. ",
,
Axar Acquisition Corp ,
,
Axar Acquisition Corp ,
,
Axcelis Technologies Inc ,
,
"AxoGen, Inc. ",
,
Axsome Therapeutics Inc ,
,
AzurRx BioPharma Inc ,
,
Azure Midstream Partners LP ,
,
B Communications Ltd ,
,
B. Riley Financial Inc ,
,
B/E Aerospace Inc ,
,
"B/E Aerospace, Inc. - Common Stock Ex-Distribution When Issued ",
,
"BBX Capital Corporation - BankAtlantic Bancorp, Inc - BBC Capital Trust II 8.50% Trust Preferred Securities ",
,
"BCB Bancorp, Inc. ",
,
"BEACON FEDERAL BANCORP, INC. (Inactive) ",
,
"BGC Partners, Inc. ",
,
BGS Acquisition Corp (Inactive) ,
,
BIO-TECHNE Corp ,
,
BIOLASE Inc ,
,
"BJ's Restaurants, Inc. ",
,
BLDRS Asia 50 ADR Index (ETF) ,
,
BLDRS Developed Markets 100 ADR (ETF) ,
,
BLDRS Emerging Markets 50 ADR Index(ETF) ,
,
BLDRS Europe 100 ADR Index (ETF) ,
,
BMC Stock Holdings Inc ,
,
BNC Bancorp ,
,
BOK Financial Corporation ,
,
BOS Better OnLine Sol (USA) ,
,
BSB Bancorp Inc ,
,
BSQUARE Corporation ,
,
BTU International Inc ,
,
Baidu Inc (ADR) ,
,
Balchem Corporation ,
,
Baldwin & Lyons Inc ,
,
Baldwin & Lyons Inc ,
,
Ballard Power Systems Inc. (USA) ,
,
BancFirst Corporation ,
,
BancFirst Corporation - 7.2% Cumulative Trust Preferred Securities ,
,
"Bancorp 34, Inc. ",
,
Bancorp Inc ,
,
Banctrust Financial Group Inc (Inactive) ,
,
Bank Mutual Corporation ,
,
Bank Of Kentucky Financial Corp ,
,
Bank Of The Ozarks Inc ,
,
Bank of Commerce Holdings ,
,
Bank of Marin Bancorp ,
,
Bank of SC Corporation ,
,
"Bank of the James Financial Group, Inc. ",
,
BankFinancial Corporation ,
,
Bankwell Financial Group Inc ,
,
Banner Corporation ,
,
Baozun Inc (ADR) ,
,
Barclays PLC - Barclays Inverse US Treasury Composite ETN ,
,
Barclays PLC - iPath US Treasury 10 Year Bull ETN ,
,
Barclays PLC - iPath US Treasury 10-year Bear ETN ,
,
Barclays PLC - iPath US Treasury 2 Yr Bull ETN ,
,
Barclays PLC - iPath US Treasury 2-year Bear ETN ,
,
Barclays PLC - iPath US Treasury 5 Year Bull ETN ,
,
Barclays PLC - iPath US Treasury 5-year Bear ETN ,
,
Barclays PLC - iPath US Treasury Flattener ETN ,
,
Barclays PLC - iPath US Treasury Long Bond Bear ETN ,
,
Barclays PLC - iPath US Treasury Long Bond Bull ETN ,
,
Barclays PLC - iPath US Treasury Steepener ETN ,
,
Barington/Hilco Acquisition Corp ,
,
Barington/Hilco Acquisition Corp. ,
,
"Barrett Business Services, Inc. ",
,
Bassett Furniture Industries Inc. ,
,
Bay Bancorp Inc ,
,
Baylake Corporation ,
,
Bazaarvoice Inc ,
,
"Beacon Roofing Supply, Inc. ",
,
Bear State Financial Inc ,
,
Beasley Broadcast Group Inc ,
,
Bed Bath & Beyond Inc. ,
,
Beigene Ltd (ADR) ,
,
"Bel Fuse, Inc. ",
,
"Bel Fuse, Inc. ",
,
Bellerophon Therapeutics Inc ,
,
Bellicum Pharmaceuticals Inc ,
,
"Beneficial Bancorp, Inc. ",
,
Benefitfocus Inc ,
,
Benihana Inc. (Inactive) ,
,
Benitec Biopharma Ltd (ADR) ,
,
Big 5 Sporting Goods Corporation ,
,
Bio-Path Holdings Inc ,
,
"BioCryst Pharmaceuticals, Inc. ",
,
"BioDelivery Sciences International, Inc. ",
,
BioLife Solutions Inc ,
,
BioLight Life Sciences Ltd. Ordinary Shares ,
,
BioMarin Pharmaceutical Inc. ,
,
BioScrip Inc ,
,
BioShares Biotechnology Clinical Trials Fund ,
,
BioShares Biotechnology Products Fund ,
,
BioSpecifics Technologies Corp. ,
,
"BioTelemetry, Inc. ",
,
"Bioanalytical Systems, Inc. ",
,
Bioblast Pharma Ltd ,
,
Biocept Inc ,
,
Biogen Inc ,
,
Biogen Inc. Ex-Distribution When Issued ,
,
Bioline RX Ltd ,
,
"Biomerica, Inc. ",
,
BiondVax Pharmaceuticals Ltd (ADR) ,
,
Bioptix Inc ,
,
Biostage Inc ,
,
Biostar Pharmaceuticals Inc ,
,
Biotie Therapies Corp (ADR) ,
,
Bioverativ Inc ,
,
Black Box Corporation ,
,
Black Diamond Inc ,
,
BlackBerry Ltd ,
,
"Blackbaud, Inc. ",
,
Blackhawk Network Holdings Inc ,
,
Blackline Inc ,
,
Blackrock Capital Investment Corp ,
,
Bloomin' Brands Inc ,
,
Blucora Inc ,
,
Blue Buffalo Pet Products Inc ,
,
Blue Hills Bancorp Inc ,
,
Blue Nile Inc ,
,
Blue Wolf Mongolia Holdings Corp. ,
,
BlueStar TA-BIGITech Israel Technology ETF ,
,
"Bluefly, Inc. ",
,
Blueknight Energy Partners L.P. ,
,
"Blueknight Energy Partners L.P., L.L.C. - Series A Preferred Units ",
,
Blueprint Medicines Corp ,
,
Bob Evans Farms Inc ,
,
"BofI Holding, Inc. ",
,
Boingo Wireless Inc ,
,
Bojangles Inc ,
,
Bon-Ton Stores Inc ,
,
Bona Film Group Ltd (ADR) ,
,
Bonso Electronics International Inc. ,
,
"Books-A-Million, Inc. ",
,
Borderfree Inc ,
,
Boston Private Financial Hldg Inc ,
,
"Boston Private Financial Holdings, Inc. - Depositary Shares representing 1/40th Interest in a Share of 6.95% Non-Cumulative Perpetual Preferred Stock, Series D ",
,
Bottomline Technologies ,
,
Boulevard Acquisition Corp II ,
,
Boulevard Acquisition Corp II ,
,
Brainstorm Cell Therapeutics Inc ,
,
"Bravo Brio Restaurant Group, Inc. ",
,
"Bridge Bancorp, Inc. ",
,
Bridge Capital Holdings ,
,
Bridgeline Digital Inc ,
,
Bridgford Foods Corporation ,
,
Brightcove Inc ,
,
BroadSoft Inc ,
,
"BroadVision, Inc. ",
,
Broadcom Ltd ,
,
Broadway Financial Corp ,
,
Broadwind Energy Inc. ,
,
"Brocade Communications Systems, Inc. ",
,
"Brookline Bancorp, Inc. ",
,
"Brooks Automation, Inc ",
,
Bruker Corporation ,
,
Bryn Mawr Bank Corp. ,
,
Buffalo Wild Wings ,
,
"Builders FirstSource, Inc. ",
,
BullMark LatAm Select Leaders ETF ,
,
Burcon NutraScience Corp ,
,
C&F Financial Corp ,
,
"C.H. Robinson Worldwide, Inc. ",
,
"CA, Inc. ",
,
CARDIOME PHARMA CORP ,
,
CAS Medical Systems Inc ,
,
CASI Pharmaceuticals Inc ,
,
CB Financial Services Inc ,
,
CBAK Energy Technology Inc ,
,
"CBOE Holdings, Inc ",
,
CDK Global Inc ,
,
CDW Corp ,
,
CE Franklin Ltd (USA) ,
,
CECO Environmental Corp. ,
,
"CEVA, Inc. ",
,
CF Corp ,
,
CF Corp ,
,
"CFS Bancorp, Inc. (Inactive) ",
,
CHECK-CAP LTD UNIT(1 SHS & 1/2 WT)EXP ,
,
CHS Inc ,
,
CHS Inc ,
,
CHS Inc ,
,
CHS Inc ,
,
CHS Inc ,
,
CIFC LLC ,
,
CIM Commercial Trust Corp ,
,
CIS Acquisition Ltd ,
,
CLEARSIGN COMBUSTION CORP ,
,
CM Finance Inc ,
,
CME Group Inc ,
,
"CMS Bancorp, Inc. ",
,
CNB Financial Corp ,
,
CONMED Corporation ,
,
COPsync Inc ,
,
CPI Card Group Inc ,
,
CPS Technologies Corporation ,
,
"CRA International, Inc. ",
,
"CSG Systems International, Inc. ",
,
CSI Compressco LP ,
,
CSP Inc. ,
,
CSR Ltd (ADR) ,
,
CSW Industrials Inc ,
,
CSX Corporation ,
,
"CTC Media, Inc. ",
,
CTI BioPharma Corp ,
,
CTI Industries Corp. ,
,
CU Bancorp ,
,
CUI Global Inc ,
,
CVB Financial Corp. ,
,
CVD Equipment Corporation ,
,
CYANOTECH CORP ,
,
Cabot Microelectronics Corporation ,
,
Cadence Design Systems Inc ,
,
Cadiz Inc ,
,
Caesars Acquisition Company ,
,
Caesars Entertainment Corp ,
,
Caesarstone Ltd ,
,
CafePress Inc ,
,
Cal-Maine Foods Inc ,
,
CalAmp Corp. ,
,
Caladrius Biosciences Inc ,
,
"Calamos Asset Management, Inc ",
,
Calamos Conv. Opptys. & Income Fund ,
,
Calamos Convertible & Hi Income Fund ,
,
Calamos Dynamic Convertible & Incm Fd ,
,
Calamos ETF Trust ,
,
Calamos Global Dynamic Income Fund ,
,
Calamos Global Total Return Fund ,
,
Calamos Strategic Total Return Fund ,
,
"Calavo Growers, Inc. ",
,
California First National Bancorp ,
,
Calithera Biosciences Inc ,
,
Callidus Software Inc. ,
,
"Calumet Specialty Products Partners, L.P ",
,
"Cambium Learning Group, Inc. ",
,
Cambridge Capital Acquisition Corp ,
,
Cambridge Capital Acquisition Corp ,
,
Camco Financial Corp. (Inactive) ,
,
Camden National Corporation ,
,
Camtek LTD. ,
,
Canadian Solar Inc. ,
,
Cancer Genetics Inc ,
,
Canterbury Park Holding Corporation ,
,
"Cape Bancorp, Inc. ",
,
Capella Education Company ,
,
Capital Bank Financial Corp ,
,
Capital Bank Financial Corp. - Southern Community Capital Trust II - % Cumulative Trust Preferred Securities ,
,
"Capital City Bank Group, Inc. ",
,
Capital Product Partners L.P. ,
,
Capital Southwest Corporation ,
,
Capitala Finance Corp ,
,
Capitol Acquisition Corp III ,
,
Capitol Acquisition Corp. III ,
,
"Capitol Federal Financial, Inc. ",
,
Capnia Inc ,
,
Capnia Inc ,
,
Capricor Therapeutics Inc ,
,
Capstar Financial Holdings Inc ,
,
Capstone Turbine Corporation ,
,
Cara Therapeutics Inc ,
,
Carbonite Inc ,
,
CardConnect Corp ,
,
CardConnect Corp ,
,
Cardinal Financial Corporation ,
,
Cardiovascular Systems Inc ,
,
Cardtronics PLC ,
,
CareDx Inc ,
,
Career Education Corp. ,
,
Caretrust REIT Inc ,
,
"Carmike Cinemas, Inc. ",
,
Carolina Bank Holding Inc. (NC) ,
,
Carolina Financial Corp ,
,
"Carolina Trust BancShares, Inc. ",
,
Carrizo Oil & Gas Inc ,
,
"Carrols Restaurant Group, Inc. ",
,
Cartesian Inc ,
,
Carver Bancorp Inc ,
,
Cascade Bancorp ,
,
"Cascade Microtech, Inc. ",
,
Cascadian Therapeutics Inc (USA) ,
,
Casella Waste Systems Inc. ,
,
Casey's General Stores Inc ,
,
Cass Information Systems ,
,
Catabasis Pharmaceuticals Inc ,
,
Catalyst Biosciences Inc ,
,
Catalyst Pharmaceuticals Inc ,
,
Catamaran Corp (USA) ,
,
Cathay General Bancorp ,
,
"Cavco Industries, Inc. ",
,
Cavium Inc ,
,
Cazador Acquisition Corp. Ltd. ,
,
Celator Pharmaceuticals Inc ,
,
Celgene Corporation ,
,
"Celldex Therapeutics, Inc. ",
,
Cellect Biotechnology Ltd. - American Depositary Shares ,
,
Cellectar Biosciences Inc ,
,
Cellectis SA (ADR) ,
,
Cellular Biomedicine Group Inc ,
,
Cellular Dynamics International Inc ,
,
Celsion Corporation ,
,
Celyad SA (ADR) ,
,
Cempra Inc ,
,
Cemtrex Inc ,
,
Centennial Resource Development Inc ,
,
Centennial Resource Development Inc ,
,
CenterState Banks Inc ,
,
Central European Media Enterprises Ltd. ,
,
Central Federal Corporation ,
,
Central Garden & Pet Co ,
,
Central Garden & Pet Co ,
,
Central Valley Community Bancorp ,
,
Centrue Financial Corp ,
,
Century Aluminum Co ,
,
"Century Bancorp, Inc. ",
,
"Century Casinos, Inc. ",
,
Cepheid ,
,
Ceragon Networks Ltd ,
,
Cerecor Inc ,
,
Cerecor Inc ,
,
Ceres Inc ,
,
Cerner Corporation ,
,
Cerulean Pharma Inc ,
,
Cerus Corporation ,
,
Cesca Therapeutics Inc ,
,
Champions Oncology Inc ,
,
Changyou.Com Ltd (ADR) ,
,
Chanticleer Holdings Inc ,
,
"Chanticleer Holdings, Inc. - Unit ",
,
"Charles & Colvard, Ltd. ",
,
"Chart Industries, Inc. ",
,
"Charter Communications, Inc. ",
,
Charter Financial Corp ,
,
Check Cap Ltd ,
,
Check Point Software Technologies Ltd. ,
,
Cheesecake Factory Inc ,
,
Chembio Diagnostics Inc ,
,
Chemical Financial Corporation ,
,
ChemoCentryx Inc ,
,
Chemung Financial Corp. ,
,
Cherokee Inc ,
,
Cheviot Financial Corp. ,
,
Chiasma Inc ,
,
"Chicopee Bancorp, Inc. ",
,
Childrens Place Inc ,
,
Chimerix Inc ,
,
China Advanced Constructn Mtrls Grp Inc ,
,
China Auto Logistics Inc ,
,
"China Automotive Systems, Inc. ",
,
China Biologic Products Inc ,
,
China Ceramics Co Ltd ,
,
"China Ceramics Co., Ltd. - Units ",
,
China Commercial Credit Inc ,
,
China Customer Relations Centers Inc ,
,
China Finance Online Co. (ADR) ,
,
China Hgs Real Estate Inc ,
,
"China Housing & Land Development, Inc. ",
,
"China Information Technology, Inc. - Ordinary Shares ",
,
China Jo-Jo Drugstores Inc ,
,
China Lending Corp ,
,
China Lending Corp ,
,
"China Lodging Group, Ltd (ADR) ",
,
China Natural Resources Inc ,
,
China Nuokang Bio-Pharmaceutical Inc. ,
,
China Recycling Energy Corp. ,
,
"China Shengda Packaging Group, Inc. ",
,
China Techfaith Wireless Comm. Tech. Ltd ,
,
China TransInfo Technology Corp. (Inactive) ,
,
China XD Plastics Co Ltd ,
,
China Yida Holding Co ,
,
ChinaCache International Holdings Ltd ,
,
ChinaEdu Corporation (ADR) (Inactive) ,
,
Chinanet Online Holdings Inc ,
,
Chindex International Inc (Inactive) ,
,
ChipMOS TECHNOLOGIES INC. - American Depositary Shares ,
,
Chromadex Corp ,
,
"Churchill Downs, Inc. ",
,
Chuy's Holdings Inc ,
,
Chyronhego Corp ,
,
Cidara Therapeutics Inc ,
,
Cimatron Ltd. ,
,
Cimpress NV ,
,
Cincinnati Financial Corporation ,
,
Cinedigm Corp ,
,
Cintas Corporation ,
,
"Cirrus Logic, Inc. ",
,
"Cisco Systems, Inc. ",
,
"Citi Trends, Inc. ",
,
Citizens & Northern Corporation ,
,
Citizens Community Bancorp Inc. ,
,
Citizens First Corp. ,
,
Citizens Holding Company ,
,
Citizens Republic Bancorp Inc (Inactive) ,
,
"Citrix Systems, Inc. ",
,
City Holding Company ,
,
Civista Bancshares Inc ,
,
Civista Bancshares Inc ,
,
"Clean Diesel Technologies, Inc. ",
,
Clean Energy Fuels Corp ,
,
Cleantech Solutions International Inc ,
,
ClearOne Incoprorated ,
,
Clearfield Inc ,
,
Clearside Biomedical Inc ,
,
"Cleveland BioLabs, Inc. ",
,
Clicksoftware Technologies Ltd ,
,
Clifton Bancorp Inc. ,
,
Clovis Oncology Inc ,
,
Cnova NV ,
,
CoBiz Financial Inc ,
,
CoLucid Pharmaceuticals Inc ,
,
CoStar Group Inc ,
,
Coastal Contacts Inc ,
,
Coastway Bancorp Inc ,
,
Coca-Cola Bottling Co. Consolidated ,
,
"Codexis, Inc. ",
,
"Codorus Valley Bancorp, Inc. ",
,
"Coffee Holding Co., Inc. ",
,
Cogent Communications Holdings Inc ,
,
Cogentix Medical Inc ,
,
"Cogint, Inc. ",
,
Cognex Corporation ,
,
Cognizant Technology Solutions Corp ,
,
"Coherent, Inc. ",
,
Coherus Biosciences Inc ,
,
"Cohu, Inc. ",
,
Collabrium Japan Acquisition Corp ,
,
Collabrium Japan Acquisition Corp ,
,
"Collectors Universe, Inc. ",
,
Collegium Pharmaceutical Inc ,
,
Colliers International Group Inc ,
,
"Colonial Financial Services, Inc. ",
,
Colony Bankcorp Inc ,
,
Columbia Banking System Inc ,
,
Columbia Sportswear Company ,
,
Columbus McKinnon Corp. ,
,
CombiMatrix Corp ,
,
Comcast Corporation ,
,
"CommVault Systems, Inc. ",
,
"Commerce Bancshares, Inc. ",
,
"Commerce Bancshares, Inc. - Depositary Shares, each representing a 1/1000th interest of 6.00% Series B Non-Cumulative Perpetual Preferred Stock ",
,
Commerce Union Bancshares Inc ,
,
"CommerceFirst Bancorp, Inc. (Inactive) ",
,
CommerceHub Inc ,
,
CommerceHub Inc ,
,
"Commercial Vehicle Group, Inc. ",
,
Commscope Holding Company Inc ,
,
Communications Sales & Leasing Inc ,
,
"Communications Systems, Inc. ",
,
Community Bankers Trust Corp. ,
,
Community Financial Corp ,
,
Community Financial Corp. (Inactive) ,
,
"Community Trust Bancorp, Inc. ",
,
Community West Bancshares ,
,
CommunityOne Bancorp ,
,
Compass EMP Funds Trust ,
,
Compass EMP Funds Trust ,
,
Compass EMP Funds Trust ,
,
Compass EMP Funds Trust ,
,
"Complete Genomics, Inc. ",
,
Compugen Ltd. (USA) ,
,
"Computer Programs & Systems, Inc. ",
,
"Computer Task Group, Inc. ",
,
Comstock Holding Companies Inc ,
,
Comtech Telecomm. Corp. ,
,
Conatus Pharmaceuticals Inc ,
,
Concert Pharmaceuticals Inc ,
,
Concordia International Corp ,
,
Concurrent Computer Corp ,
,
"Condor Hospitality Trust, Inc. ",
,
"Condor Hospitality Trust, Inc. Series A Cumulative Preferred Stock ",
,
"Condor Hospitality Trust, Inc. Series B Cumulative Preferred Stock ",
,
ConforMIS Inc ,
,
Conifer Holdings Inc ,
,
Conn's Inc ,
,
ConnectOne Bancorp Inc ,
,
Connecticut Water Service Inc ,
,
Connecture Inc ,
,
Consolidated Communications Holdings Inc ,
,
Consolidated Water Co. Ltd. ,
,
"Consumer Portfolio Services, Inc. ",
,
ContraFect Corp ,
,
ContraFect Corp ,
,
ContraVir Pharmaceuticals Inc ,
,
Control4 Corp ,
,
Conyers Park Acquisition Corp ,
,
Conyers Park Acquisition Corp. ,
,
"Copart, Inc. ",
,
CorVel Corporation ,
,
Corbus Pharmaceuticals Holdings Inc ,
,
Corcept Therapeutics Incorporated ,
,
Cordia Bancorp Inc. ,
,
"Core-Mark Holding Company, Inc. ",
,
Corium International Inc ,
,
"Cornerstone OnDemand, Inc. ",
,
Corvus Pharmaceuticals Inc ,
,
Costco Wholesale Corporation ,
,
"CounterPath, Corp. ",
,
County Bancorp Inc ,
,
Coupa Software Inc ,
,
Courier Corporation ,
,
"Covenant Transportation Group, Inc. ",
,
Covisint Corp ,
,
Cowen Group Inc ,
,
"Cracker Barrel Old Country Store, Inc. ",
,
Craft Brew Alliance Inc ,
,
Cray Inc. ,
,
Credit Acceptance Corp. ,
,
Credit Suisse AG - Credit Suisse Gold Shares Covered Call Exchange Traded Notes ,
,
Credit Suisse AG - Credit Suisse Silver Shares Covered Call Exchange Traded Notes ,
,
Credit Suisse AG - VelocityShares 2x Inverse Platinum ETN ,
,
Credit Suisse AG - VelocityShares 2x Long Patinum ETN ,
,
Credit Suisse AG - VelocityShares 3x Inverse Gold ETN ,
,
Credit Suisse AG - VelocityShares 3x Inverse Silver ETN ,
,
Credit Suisse AG - VelocityShares 3x Long Gold ETN ,
,
Credit Suisse AG - VelocityShares 3x Long Silver ETN ,
,
Credit Suisse AG - VelocityShares Daily 2x VIX Medium Term ETN ,
,
Credit Suisse AG - VelocityShares Daily 2x VIX Short Term ETN ,
,
Credit Suisse AG - VelocityShares Daily Inverse VIX Medium Term ETN ,
,
Credit Suisse AG - VelocityShares Daily Inverse VIX Short Term ETN ,
,
Credit Suisse AG - VelocityShares VIX Medium Term ETN ,
,
Credit Suisse AG - VelocityShares VIX Short Term ETN ,
,
"Cree, Inc. ",
,
Cresud S.A.C.I.F. y A. (ADR) ,
,
Crimson Exploration Inc. ,
,
Crispr Therapeutics AG ,
,
Criteo SA (ADR) ,
,
"Crocs, Inc. ",
,
"Cross Country Healthcare, Inc. ",
,
Crossroads Capital Inc ,
,
Crossroads Systems Inc ,
,
"Crown Crafts, Inc. ",
,
CryoPort Inc ,
,
Ctrip.Com International Ltd (ADR) ,
,
Cubist Pharmaceuticals Inc (Inactive) ,
,
"Cumberland Pharmaceuticals, Inc. ",
,
Cumulus Media Inc ,
,
"Curis, Inc. ",
,
"Cutera, Inc. ",
,
CyberOptics Corporation ,
,
Cyberark Software Ltd ,
,
"Cyberonics, Inc. ",
,
Cyclacel Pharmaceuticals Inc ,
,
Cyclacel Pharmaceuticals Inc ,
,
CymaBay Therapeutics Inc ,
,
Cynapsus Therapeutics Inc ,
,
"Cynosure, Inc. ",
,
Cypress Semiconductor Corporation ,
,
Cyren Ltd ,
,
CyrusOne Inc ,
,
CytRx Corporation ,
,
"Cytokinetics, Inc. ",
,
CytomX Therapeutics Inc ,
,
Cytori Therapeutics Inc ,
,
Cytosorbents Corp ,
,
DARA Biosciences Inc ,
,
DASAN Zhone Solutions Inc ,
,
DBV Technologies SA - ADR ,
,
DENTSPLY SIRONA Inc ,
,
DHX Media Ltd (USA) ,
,
DISH Network Corp ,
,
DLH Holdings Corp. ,
,
DNB Financial Corp ,
,
DS Healthcare Group Inc ,
,
"DSP Group, Inc. ",
,
DTS Inc. ,
,
DURECT Corporation ,
,
DXP Enterprises Inc ,
,
Daily Journal Corporation ,
,
"Daktronics, Inc. ",
,
DarioHealth Corp ,
,
Data I/O Corporation ,
,
Datalink Corporation ,
,
Dataram Corp ,
,
Datawatch Corporation ,
,
"Dave & Buster's Entertainment, Inc. ",
,
DavidsTea Inc ,
,
Davis Select Financial ETF ,
,
Davis Select U.S. Equity ETF ,
,
Davis Select Worldwide ETF ,
,
Dawson Geophysical Co ,
,
Del Frisco's Restaurant Group Inc ,
,
Del Taco Restaurants Inc ,
,
Del Taco Restaurants Inc ,
,
DelMar Pharmaceuticals Inc ,
,
"Delcath Systems, Inc. ",
,
"Delta Natural Gas Company, Inc. ",
,
Delta Technology Holdings Limited - Ordinary Shares ,
,
Delta Technology Holdings Ltd ,
,
Deltek Inc ,
,
Denny's Corporation ,
,
Depomed Inc ,
,
Derma Sciences Inc ,
,
Dermira Inc ,
,
Descartes Systems Group Inc (USA) ,
,
Destination Maternity Corp ,
,
Destination XL Group Inc ,
,
"Deswell Industries, Inc. ",
,
Determine Inc ,
,
"DexCom, Inc. ",
,
Dextera Surgical Inc ,
,
"Diamond Hill Investment Group, Inc. ",
,
Diamondback Energy Inc ,
,
Diana Containerships Inc ,
,
Dicerna Pharmaceuticals Inc ,
,
Differential Brands Group Inc ,
,
Diffusion Pharmaceuticals Inc ,
,
Digi International Inc. ,
,
Digimarc Corp ,
,
Digirad Corporation ,
,
"Digital Ally, Inc. ",
,
Digital Cinema Destinations Corp ,
,
Digital Turbine Inc ,
,
"Dime Community Bancshares, Inc. ",
,
Dimension Therapeutics Inc ,
,
Diodes Incorporated ,
,
Dipexium Pharmaceuticals Inc ,
,
Discovery Communications Inc. ,
,
Discovery Communications Inc. ,
,
Discovery Communications Inc. ,
,
Ditech Networks Inc. (Inactive) ,
,
Diversicare Healthcare Services Inc ,
,
"Diversified Restaurant Holdings, Inc ",
,
Dixie Group Inc ,
,
Dmc Global Inc ,
,
"Dollar Tree, Inc. ",
,
Donegal Group Inc. ,
,
Donegal Group Inc. ,
,
Dorchester Minerals LP ,
,
Dorman Products Inc. ,
,
Double Eagle Acquisition Corp ,
,
Double Eagle Acquisition Corp (Inactive) ,
,
"Dover Saddlery, Inc. ",
,
"DragonWave, Inc.(USA) ",
,
DreamWorks Animation LLC ,
,
DryShips Inc. ,
,
Duluth Holdings Inc ,
,
Dunkin Brands Group Inc ,
,
Dynamics Research Corporation (Inactive) ,
,
Dynasil Corporation of America ,
,
Dynatronics Corporation ,
,
Dynavax Technologies Corporation ,
,
E*TRADE Financial Corp ,
,
E-Compass Acquisition Corp ,
,
E-compass Acquisition Corp. - Ordinary Shares ,
,
E2open Inc ,
,
EBAY INC ,
,
EDAC Technologies Corp (Inactive) ,
,
"EDGAR Online, Inc. (Inactive) ",
,
EMC Insurance Group Inc. ,
,
EMCORE Corporation ,
,
ENGlobal Corp ,
,
"EPIQ Systems, Inc. ",
,
ESB Financial Corporation ,
,
"ESSA Bancorp, Inc. ",
,
ESSA Pharma Inc. ,
,
ETF Series Solutions ,
,
ETF Series Solutions ,
,
ETF Series Solutions ,
,
ETF Series Trust ,
,
"EV Energy Partners, L.P. ",
,
EVINE Live Inc ,
,
EXACT Sciences Corporation ,
,
EZCORP Inc ,
,
EZchip Semiconductor Ltd ,
,
Eagle Bancorp Montana Inc ,
,
"Eagle Bancorp, Inc. ",
,
Eagle Bulk Shipping Inc ,
,
Eagle Pharmaceuticals Inc ,
,
EarthLink Holdings Corp. ,
,
"East West Bancorp, Inc. ",
,
Easterly Acquisition Corp ,
,
Easterly Acquisition Corp ,
,
Eastern Co ,
,
"Eastern Virginia Bankshares, Inc. ",
,
Eaton Vance NextShares Trust - Eaton Vance Global Income Builder NextShares ,
,
Eaton Vance NextShares Trust - Eaton Vance Stock NextShares ,
,
Eaton Vance NextShares Trust II - Eaton Vance TABS 5-to-15 Year Laddered Municipal Bond NextShares ,
,
Ebix Inc ,
,
Echelon Corporation ,
,
"Echo Global Logistics, Inc. ",
,
Echostar Corporation ,
,
Eco-Stim Energy Solutions Inc ,
,
Ecology and Environment ,
,
Edap Tms SA (ADR) ,
,
Edge Therapeutics Inc ,
,
Edgewater Technology Inc. ,
,
Editas Medicine Inc ,
,
Educational Development Corporation ,
,
Egalet Corp ,
,
Eiger Biopharmaceuticals Inc ,
,
"Ekso Bionics Holdings, Inc. ",
,
El Pollo LoCo Holdings Inc ,
,
Elbit Imaging Ltd ,
,
Elbit Systems Ltd ,
,
Eldorado Resorts Inc ,
,
Elecsys Corp (Inactive) ,
,
Electro Rent Corporation ,
,
"Electro Scientific Industries, Inc. ",
,
"Electro-Sensors, Inc. ",
,
Electronic Arts Inc. ,
,
"Electronics For Imaging, Inc. ",
,
Electrum Special Acquisition Corp ,
,
Electrum Special Acquisition Corp ,
,
Eleven Biotherapeutics Inc ,
,
"Elizabeth Arden, Inc. ",
,
Elkhorn Commodity Rotation Strategy ETF ,
,
Elkhorn S&P 500 Capital Expenditures Portfolio ,
,
Elmira Savings Bank ,
,
Eltek Ltd. ,
,
Emclaire Financial Corp ,
,
Emmis Communications Corporation ,
,
Empire Resorts Inc ,
,
Empire Resources Inc ,
,
Enanta Pharmaceuticals Inc ,
,
"Encore Capital Group, Inc. ",
,
Encore Wire Corporation ,
,
Endo International plc - Ordinary Shares ,
,
"Endocyte, Inc. ",
,
"Endologix, Inc. ",
,
Endurance International Group Hldgs Inc ,
,
"EnerNOC, Inc. ",
,
Energous Corp ,
,
Energy Focus Inc ,
,
"Energy Recovery, Inc. ",
,
Enlink Midstream Inc ,
,
Enphase Energy Inc ,
,
Enstar Group Ltd. ,
,
Entegra Financial Corp ,
,
Entegris Inc ,
,
Entellus Medical Inc ,
,
EnteroMedics Inc ,
,
"Enterprise Bancorp, Inc ",
,
Enterprise Financial Services Corp ,
,
Entertainment Gaming Asia Inc ,
,
Envision Healthcare Corp ,
,
Enzymotec Ltd ,
,
Epizyme Inc ,
,
"Epocrates, Inc. ",
,
"Equinix, Inc. ",
,
Equitable Financial Corp. ,
,
Equity BancShares Inc ,
,
Erie Indemnity Company ,
,
"Escalade, Inc. ",
,
Esperion Therapeutics Inc ,
,
Essendant Inc ,
,
Etsy Inc ,
,
Euro Tech Holdings Company Ltd ,
,
"Euronet Worldwide, Inc. ",
,
Euroseas Ltd. ,
,
Ever-Glory International Group Inc ,
,
Everbridge Inc ,
,
Everspin Technologies Inc ,
,
Evogene Ltd ,
,
Evoke Pharma Inc ,
,
Evolving Systems Inc ,
,
ExOne Co ,
,
Exa Corp ,
,
"Exactech, Inc. ",
,
Exchange Traded Concepts Trust ,
,
Exchange Traded Concepts Trust ,
,
Exchange Traded Concepts Trust ,
,
"Exelixis, Inc. ",
,
Exfo Inc ,
,
"ExlService Holdings, Inc. ",
,
Expedia Inc ,
,
Expeditors International of Washington ,
,
"Exponent, Inc. ",
,
Express Scripts Holding Company ,
,
Extraction Oil & Gas Inc ,
,
"Extreme Networks, Inc ",
,
Eyegate Pharmaceuticals Inc ,
,
"F5 Networks, Inc. ",
,
"FARO Technologies, Inc. ",
,
FBR & Co ,
,
FEI Company ,
,
"FIRST FINANCIAL NORTHWEST, INC. ",
,
"FLIR Systems, Inc. ",
,
FORM Holdings Corp. ,
,
FRONTEO Inc (ADR) ,
,
FRP Holdings Inc ,
,
FS Bancorp Inc ,
,
"FSB Bancorp, Inc. ",
,
FTD Companies Inc ,
,
"FX Energy, Inc. - Series B Cumulative Convertible Preferred Stock ",
,
FXCM Inc ,
,
Facebook Inc ,
,
FairPoint Communications Inc ,
,
Fairchild Semiconductor Intl Inc ,
,
"FalconStor Software, Inc. ",
,
"Famous Dave's of America, Inc. ",
,
Fanhua Inc (ADR) ,
,
Farmer Brothers Co. ,
,
Farmers Capital Bank Corp ,
,
Farmers National Banc Corp ,
,
Fastenal Company ,
,
Fate Therapeutics Inc ,
,
"Fauquier Bankshares, Inc. ",
,
Federal-Mogul Holdings Corp (Inactive) ,
,
Federated National Holding Co ,
,
Fedfirst Financial Corp ,
,
Female Health Co ,
,
Fenix Parts Inc ,
,
Ferroglobe PLC ,
,
FibroGen Inc ,
,
Fibrocell Science Inc ,
,
Fidelity NASDAQ Comp. Index Trk Stk(ETF) ,
,
Fidelity Southern Corporation ,
,
Fidus Investment Corp ,
,
Fiesta Restaurant Group Inc ,
,
Fifth Street Asset Management Inc ,
,
Fifth Street Finance Corp. ,
,
Fifth Street Senior Floating Rate Corp ,
,
Fifth Third Bancorp ,
,
Fifth Third Bancorp - Depositary Share repstg 1/1000th Ownership Interest Perp Pfd Series I ,
,
Fifth Third Bancorp - Depositary Shares representing 1/250th of 8.5% Series G Non-Cum Perp Conv Preferred Stock ,
,
Financial Engines Inc ,
,
"Financial Institutions, Inc. ",
,
Finisar Corporation ,
,
Finish Line Inc ,
,
"Finjan Holdings, Inc. ",
,
FireEye Inc ,
,
First Bancorp ,
,
First Bancorp Inc ,
,
First Bancshares Inc ,
,
First Bank ,
,
First Busey Corporation ,
,
First Business Financial Services Inc ,
,
"First California Financial Group, Inc. ",
,
First Capital Bancorp Inc. ,
,
"First Capital, Inc. ",
,
First Citizens BancShares Inc. ,
,
First Clover Leaf Financial Corp. ,
,
First Community Bancshares Inc ,
,
First Community Corporation ,
,
First Community Financial Partners Inc ,
,
First Connecticut Bancorp Inc ,
,
First Defiance Financial ,
,
First Financial Bancorp ,
,
First Financial Bankshares Inc ,
,
First Financial Corp ,
,
"First Financial Holdings, Inc. ",
,
First Financial Service Corp. (KY) (Inactive) ,
,
First Foundation Inc ,
,
"First Guaranty Bancshares, Inc. ",
,
First Hawaiian Inc ,
,
First Internet Bancorp ,
,
First Interstate Bancsystem Inc ,
,
First M & F Corporation ,
,
First Merchants Corporation ,
,
"First Mid-Illinois Bancshares, Inc. ",
,
First Midwest Bancorp Inc ,
,
First NBC Bank Holding Company ,
,
First Niagara Financial Group Inc. ,
,
First Northwest BanCorp ,
,
First Savings Financial Group Inc ,
,
"First Solar, Inc. ",
,
"First South Bancorp, Inc. ",
,
First Trust Alternative Absolute Return Strategy ETF ,
,
First Trust BICK Index Fund ETF ,
,
First Trust CEF Income Opportunity ETF ,
,
First Trust Dorsey Wright Dynamic Focus 5 ETF ,
,
First Trust Emerging Markets Local Currency Bond ETF ,
,
First Trust Emerging Markets Small Cap AlphaDEX Fund ,
,
First Trust Europe AlphaDEX Fund ,
,
First Trust Exchange Traded AlphaDEX Fund II ,
,
First Trust Exchange Traded AlphaDEX Fund II ,
,
First Trust Exchange Traded AlphaDEX Fund II ,
,
First Trust Exchange Traded AlphaDEX Fund II ,
,
First Trust Exchange Traded AlphaDEX Fund II ,
,
First Trust Exchange Traded AlphaDEX Fund II ,
,
First Trust Exchange Traded AlphaDEX Fund II ,
,
First Trust Exchange Traded AlphaDEX Fund II ,
,
First Trust Exchange Traded AlphaDEX Fund II ,
,
First Trust Exchange Traded AlphaDEX Fund II ,
,
First Trust Exchange Traded AlphaDEX Fund II ,
,
First Trust Exchange Traded AlphaDEX Fund II ,
,
First Trust Exchange Traded AlphaDEX Fund II ,
,
First Trust Exchange Traded AlphaDEX Fund II ,
,
First Trust Exchange Traded AlphaDEX Fund II ,
,
First Trust Exchange Traded AlphaDEX Fund II ,
,
First Trust Exchange Traded Fd VI ,
,
First Trust Exchange Traded Fd VI ,
,
First Trust Exchange Traded Fd VI ,
,
First Trust Exchange Traded Fund VI ,
,
First Trust Exchange Traded Fund VI ,
,
First Trust Exchange Traded Fund VI ,
,
First Trust Exchange Traded Fund VI ,
,
First Trust Exchange Traded Fund VI ,
,
First Trust Exchange Traded Fund VI ,
,
First Trust Exchange Traded Fund VI ,
,
First Trust Exchange-Traded AlphaDEX Fund ,
,
First Trust Exchange-Traded AlphaDEX Fund ,
,
First Trust Exchange-Traded AlphaDEX Fund ,
,
First Trust Exchange-Traded AlphaDEX Fund ,
,
First Trust Exchange-Traded AlphaDEX Fund ,
,
First Trust Exchange-Traded Fund II ,
,
First Trust Exchange-Traded Fund II ,
,
First Trust Exchange-Traded Fund III ,
,
First Trust Exchange-Traded Fund IV ,
,
First Trust Exchange-Traded Fund IV ,
,
First Trust Exchange-Traded Fund IV ,
,
First Trust Exchange-Traded Fund IV ,
,
First Trust Global Tactical Commodity Strategy Fund ,
,
First Trust ISE Glbl Pltnm Indx Fnd ,
,
First Trust ISE Global Copper Index Fund ,
,
First Trust International IPO ETF ,
,
First Trust Large Cap Core Alp Fnd (ETF) ,
,
First Trust Large Cap GO Alpha Fnd (ETF) ,
,
First Trust Large Cap Value Opp Fnd(ETF) ,
,
First Trust Low Duration Opportunities ETF ,
,
First Trust Mid Cap Core Alpha Fnd (ETF) ,
,
First Trust Mult Cap Grwth Alp Fnd (ETF) ,
,
First Trust Mult Cap Val Alpha Fnd (ETF) ,
,
First Trust Municipal CEF Income Opportunity ETF ,
,
First Trust NASDAQ ABA Comm Bnk Indx Fnd ,
,
First Trust NASDAQ Clean Edge ,
,
First Trust NASDAQ Clean Edge US (ETF) ,
,
First Trust NASDAQ Cybersecurity ETF ,
,
First Trust NASDAQ Smartphone Index Fund ,
,
First Trust NASDAQ-100 EqualWeighted ETF ,
,
First Trust NASDAQ-100 Ex-Tech Sec (ETF) ,
,
First Trust NASDAQ-100- Technology Ix Fd ,
,
First Trust Nasdaq Bank ETF ,
,
First Trust Nasdaq Food & Beverage ETF ,
,
First Trust Nasdaq Oil & Gas ETF ,
,
First Trust Nasdaq Pharmaceuticals ETF ,
,
First Trust Nasdaq Retail ETF ,
,
First Trust Nasdaq Semiconductor ETF ,
,
First Trust Nasdaq Transportation ETF ,
,
First Trust RiverFront Dynamic Asia Pacific ETF ,
,
First Trust RiverFront Dynamic Developed International ETF ,
,
First Trust RiverFront Dynamic Emerging Markets ETF ,
,
First Trust RiverFront Dynamic Europe ETF ,
,
First Trust SSI Strategic Convertible Securities ETF ,
,
First Trust Small Cap Cr AlphaDEXFd(ETF) ,
,
First Trust Strateg Val Idx Fnd (ETF) ,
,
First Trust TCW Opportunistic Fixed Income ETF ,
,
First Trust Total US Market AlphaDEX ETF ,
,
First US Bancshares Inc ,
,
First United Corp ,
,
First of Long Island Corp ,
,
FirstCity Financial Corporation (Inactive) ,
,
FirstService Corp ,
,
Firstbank Corporation (Inactive) ,
,
Firsthand Technology Value Fund Inc ,
,
Firstmerit Corp ,
,
Fiserv Inc ,
,
Five Below Inc ,
,
Five Prime Therapeutics Inc ,
,
"Five Star Quality Care, Inc. ",
,
Five9 Inc ,
,
Flex Ltd ,
,
Flex Pharma Inc ,
,
FlexShares Credit-Scored US Corporate Bond Index Fund ,
,
FlexShares Credit-Scored US Long Corporate Bond Index Fund ,
,
FlexShares Real Assets Allocation Index Fund ,
,
FlexShares STOXX Global ESG Impact Index Fund ,
,
FlexShares STOXX US ESG Impact Index Fund ,
,
FlexShares Trust ,
,
FlexShares US Quality Large Cap Index Fund ,
,
FlexShopper Inc ,
,
Flexion Therapeutics Inc ,
,
"Flexsteel Industries, Inc. ",
,
Flow International Corp ,
,
Fluidigm Corporation ,
,
Flushing Financial Corporation ,
,
Foamix Pharmaceuticals Ltd ,
,
Fogo De Chao Inc ,
,
Fonar Corporation ,
,
Forestar Petroleum Corp (Inactive) ,
,
Form Holdings Corp ,
,
"FormFactor, Inc. ",
,
Formula Systems (1985) Ltd. (ADR) ,
,
"Forrester Research, Inc. ",
,
Forterra Inc ,
,
Fortinet Inc ,
,
Fortress Biotech Inc ,
,
Forward Air Corporation ,
,
"Forward Industries, Inc. ",
,
Forward Pharma A/S ,
,
Fossil Group Inc ,
,
Foundation Medicine Inc ,
,
"Fox Chase Bancorp, Inc. ",
,
Fox Factory Holding Corp ,
,
Francesca's Holdings Corp ,
,
Franklin Electric Co. ,
,
Franklin Financial Corp ,
,
"Fred's, Inc. ",
,
"FreightCar America, Inc. ",
,
"Frequency Electronics, Inc. ",
,
Freshpet Inc ,
,
Frontier Communications Corp ,
,
Frontier Communications Corp ,
,
"Frozen Food Express Industries, Inc. (Inactive) ",
,
"Fuel Systems Solutions, Inc. ",
,
Fuel Tech Inc ,
,
FuelCell Energy Inc ,
,
Fulgent Genetics Inc ,
,
Fuling Global Inc ,
,
Full Circle Capital Corp ,
,
"Full House Resorts, Inc. ",
,
Fulton Financial Corp ,
,
FunctionX Inc ,
,
"Fushi Copperweld, Inc. (Inactive) ",
,
"Fusion Telecommunications Int'l, Inc. ",
,
"Fuwei Films (Holdings) Co., Ltd ",
,
G Willi-Food International Ltd ,
,
G&K Services Inc ,
,
"G-III Apparel Group, Ltd. ",
,
GDS Holdings Ltd - ADR ,
,
GP Investments Acquisition Corp ,
,
GP Investments Acquisition Corp ,
,
GREAT BASIN SCIENT ,
,
"GSI Technology, Inc. ",
,
GSV Capital Corp ,
,
GTY Technology Holdings Inc ,
,
"GTx, Inc. ",
,
GW Pharmaceuticals PLC- ADR ,
,
GWG Holdings Inc ,
,
Gabelli NextShares Trust - Gabelli Food of All Nations NextShares ,
,
Gabelli NextShares Trust - Gabelli Media Mogul NextShares ,
,
Gaia Inc ,
,
Galapagos NV (ADR) ,
,
Galectin Therapeutics Inc ,
,
Galectin Therapeutics Inc. - Units ,
,
Galena Biopharma Inc ,
,
Galmed Pharmaceuticals Ltd ,
,
Gaming Partners International Corp. ,
,
Gaming and Leisure Properties Inc ,
,
Garmin Ltd. ,
,
Garnero Group Acquisition Co ,
,
Garnero Group Acquisition Co ,
,
Garrison Capital Inc ,
,
Geeknet Inc ,
,
Gemphire Therapeutics Inc ,
,
"GenMark Diagnostics, Inc ",
,
GenVec Inc ,
,
"Gencor Industries, Inc. (DE) ",
,
"General Communication, Inc. ",
,
General Finance Corporation ,
,
General Finance Corporation ,
,
General Finance Corporation - Units; consisting of 1 share of common stock and a 3 year warrant ,
,
Genetic Technologies Limited (ADR) ,
,
Genius Brands International Inc ,
,
Genocea Biosciences Inc ,
,
"Genomic Health, Inc. ",
,
Gentex Corporation ,
,
Gentherm Inc ,
,
Georgetown Bancorp Inc (MD) ,
,
Geospace Technologies Corporation ,
,
"German American Bancorp., Inc. ",
,
Geron Corporation ,
,
"Gevo, Inc. ",
,
Gibraltar Industries Inc ,
,
"Giga-tronics, Incorporated ",
,
GigaMedia Limited ,
,
Gilat Satellite Networks Ltd. ,
,
"Gilead Sciences, Inc. ",
,
"Glacier Bancorp, Inc. ",
,
Gladstone Capital Corporation ,
,
Gladstone Capital Corporation ,
,
"Gladstone Capital Corporation - Term Preferred Shares, 6.75% Series 2021 ",
,
Gladstone Commercial Corp ,
,
Gladstone Commercial Corporation ,
,
Gladstone Commercial Corporation - 7.50% Series B Cumulative Redeemable Preferred Stock ,
,
Gladstone Commercial Corporation - 7.75% Series A Cumulative Redeemable Preferred Stock ,
,
Gladstone Commercial Corporation - Series D Cumulative Redeemable Preferred Stock ,
,
Gladstone Investment Corporation ,
,
Gladstone Investment Corporation - 6.25% Series D Cumulative Term Preferred Stock ,
,
Gladstone Investment Corporation - 6.50% Series C Cumulative Term Preferred Stock Due 2022 ,
,
Gladstone Investment Corporation - 6.75% Series B Cumulative Term Preferred Stock ,
,
Gladstone Investment Corporation - 7.125% Series A Term Preferred Stock ,
,
Gladstone Land Corp ,
,
Gladstone Land Corporation - 6.375% Series A Cumulative Term Preferred Stock ,
,
Glen Burnie Bancorp ,
,
Global Blood Therapeutics Inc ,
,
Global Eagle Entertainment Inc ,
,
Global Indemnity Ltd ,
,
Global Partner Acquisition Corp ,
,
Global Partner Acquisition Corp. ,
,
Global Self Storage Inc ,
,
Global Sources Ltd. (Bermuda) ,
,
Global Water Resources Inc ,
,
Global X China Technology ETF ,
,
Global X Conscious Companies ETF ,
,
Global X FinTech Thematic ETF ,
,
Global X Funds ,
,
Global X Funds ,
,
Global X Funds ,
,
Global X Guru Activist ETF ,
,
Global X Health & Wellness Thematic ETF ,
,
Global X Internet of Things Thematic ETF ,
,
Global X Longevity Thematic ETF ,
,
Global X MSCI SuperDividend EAFE ETF ,
,
Global X Millennials Thematic ETF ,
,
Global X Robotics & Artificial Intelligence Thematic ETF ,
,
Global X S&P 500 Catholic Values ETF ,
,
Global X SuperDividend Alternatives ETF ,
,
Global X SuperDividend REIT ETF ,
,
Global X Yieldco Index ETF ,
,
Global-Tech Advanced Innovations Inc. ,
,
Globus Maritime Ltd ,
,
Glori Energy Inc ,
,
Glu Mobile Inc. ,
,
GlycoMimetics Inc ,
,
GoPro Inc ,
,
Gogo Inc ,
,
Golar LNG Limited (USA) ,
,
Golar LNG Partners LP ,
,
"Golden Enterprises, Inc. ",
,
Golden Entertainment Inc ,
,
Golden Ocean Group Ltd ,
,
Golub Capital BDC Inc ,
,
Good Times Restaurants Inc. ,
,
Goodyear Tire & Rubber Co ,
,
Google Inc. - Common Stock Ex-Distribution When Issued ,
,
"Gordmans Stores, Inc. ",
,
Government Properties Income Trust ,
,
Grand Canyon Education Inc ,
,
"Gravity Co., LTD. (ADR) ",
,
Great Elm Capital Corp. ,
,
Great Elm Capital Group Inc ,
,
Great Lakes Dredge & Dock Corporation ,
,
"Great Southern Bancorp, Inc. ",
,
Green Bancorp Inc ,
,
Green Brick Partners Inc ,
,
Green Plains Inc ,
,
Green Plains Partners LP ,
,
Greene County Bancorp ,
,
"Greenlight Capital Re, Ltd. ",
,
Gridsum Holding Inc - ADR ,
,
Griffin Industrial Realty Inc ,
,
"Grifols SA, Barcelona ",
,
Groupon Inc ,
,
Grupo Aeroportuario del Centro Nort(ADR) ,
,
Grupo Financiero Galicia S.A. (ADR) ,
,
Guaranty Bancorp ,
,
"Guaranty Federal Bancshares, Inc. ",
,
"Guidance Software, Inc. ",
,
"Gulf Island Fabrication, Inc. ",
,
"Gulf Resources, Inc. ",
,
Gulfport Energy Corporation ,
,
"Gyrodyne , LLC ",
,
"H&E Equipment Services, Inc. ",
,
HD Supply Holdings Inc ,
,
HF Financial Corp. ,
,
"HMN Financial, Inc. ",
,
HMS Holdings Corp ,
,
"HSN, Inc. ",
,
HTG Molecular Diagnostics Inc ,
,
"HV Bancorp, Inc. ",
,
Habit Restaurants Inc ,
,
Hailiang Education Group Inc (ADR) ,
,
Hain Celestial Group Inc ,
,
Hallador Energy Co ,
,
"Hallmark Financial Services, Inc. ",
,
"Halozyme Therapeutics, Inc. ",
,
Hamilton Bancorp Inc ,
,
"Hampden Bancorp, Inc. ",
,
Hancock Holding Company ,
,
Handy & Harman Ltd ,
,
Hanmi Financial Corp ,
,
"Hansen Medical, Inc. ",
,
Hanwha Q Cells Co Ltd -ADR ,
,
HarborOne Bancorp Inc ,
,
Hardinge Inc. ,
,
Harmonic Inc ,
,
Harmony Merger Corp ,
,
Harmony Merger Corp ,
,
"Harris & Harris Group, Inc. ",
,
"Harvard Bioscience, Inc. ",
,
"Harvard Bioscience, Inc. - Common Stock Ex-Distribution When Issued ",
,
Harvest Capital Credit Corp ,
,
"Hasbro, Inc. ",
,
"Hastings Entertainment, Inc. (Inactive) ",
,
"Hawaiian Holdings, Inc. ",
,
Hawaiian Telcom HoldCo Inc ,
,
"Hawkins, Inc. ",
,
"Hawthorn Bancshares, Inc. ",
,
"Haynes International, Inc. ",
,
Health Insurance Innovations Inc ,
,
"HealthStream, Inc. ",
,
"Healthcare Services Group, Inc. ",
,
Healthequity Inc ,
,
HeartWare International Inc ,
,
"Heartland Express, Inc. ",
,
Heartland Financial USA Inc ,
,
Heat Biologics Inc ,
,
Hebron Technology Co Ltd ,
,
"Heelys, Inc. (Inactive) ",
,
"Heidrick & Struggles International, Inc. ",
,
Helen of Troy Limited ,
,
Helios and Matheson Analytics Inc ,
,
Hemisphere Media Group Inc ,
,
Hennessy Advisors Inc ,
,
Hennessy Capital Acquisition Corp ,
,
Hennessy Capital Acquisition Corp II ,
,
Hennessy Capital Acquisition Corp. II ,
,
"Henry Schein, Inc. ",
,
Heritage Commerce Corp. ,
,
Heritage Financial Corp ,
,
Heritage Financial Group Inc ,
,
Heritage Oaks Bancorp ,
,
"Heritage-Crystal Clean, Inc. ",
,
"Herman Miller, Inc. ",
,
Heron Therapeutics Inc ,
,
"Herzfeld Caribbean Basin Fund, Inc ",
,
Heska Corp ,
,
"Hibbett Sports, Inc. ",
,
"Hicks Acquisition Company II, Inc. - Units ",
,
Hicks Acquisition II Company Inc ,
,
Highpower International Inc ,
,
Highway Holdings Limited ,
,
"Himax Technologies, Inc. (ADR) ",
,
Hingham Institution for Savings ,
,
Histogenics Corp ,
,
Hollysys Automation Technologies Ltd ,
,
"Hologic, Inc. ",
,
"Home Bancorp, Inc. ",
,
Home Bancshares Inc ,
,
Home Federal Bancorp Inc of Louisiana ,
,
HomeStreet Inc ,
,
HomeTown Bankshares Corp ,
,
Homeinns Hotel Group (ADR) ,
,
Hometrust Bancshares Inc ,
,
Hongli Clean Energy Technologies Corp ,
,
Hooker Furniture Corporation ,
,
"HopFed Bancorp, Inc ",
,
Hope Bancorp Inc ,
,
Horizon Bancorp ,
,
Horizon Pharma PLC ,
,
Horizon Technology Finance Corp ,
,
Horizon Therapeutics Inc ,
,
Hortonworks Inc ,
,
Hospitality Properties Trust ,
,
Hospitality Properties Trust - Hospitality Properties Trust Preferred Stock ,
,
Hostess Brands Inc ,
,
Hostess Brands Inc ,
,
"Hostess Brands, Inc. ",
,
"Hot Topic, Inc. (Inactive) ",
,
Houghton Mifflin Harcourt Co ,
,
Houston Wire & Cable Company ,
,
Hovnanian Enterprises Inc - Depositary Share representing 1/1000th of 7.625% Series A Preferred Stock ,
,
Howard Bancorp Inc ,
,
Hub Group Inc ,
,
Hudson Global Inc ,
,
"Hudson Technologies, Inc. ",
,
Hunter Maritime Acquisition Corp. ,
,
Huntington Bancshares Incorporated ,
,
Huntington Bancshares Incorporated ,
,
Huntington Bancshares Incorporated - Depositary Shares ,
,
Huntington Bancshares Incorporated - Depositary Shares each representing a 1/40th interest in a share of 5.875% Series C Non-Cumulative Perpetual Preferred Stoc ,
,
"Huntington Preferred Capital, Inc. (Inactive) ",
,
"Hurco Companies, Inc. ",
,
Huron Consulting Group ,
,
Hutchinson Technology Incorporated ,
,
Hutchison China MediTech Ltd - ADR ,
,
Huttig Building Products Inc ,
,
Hydrogenics Corporation (USA) ,
,
"I.D. Systems, Inc. ",
,
IAC/InterActiveCorp ,
,
IBERIABANK Corp ,
,
IBERIABANK Corporation - Depositary Shares Representing Series B Fixed to Floating ,
,
IBERIABANK Corporation - Depositary Shares Representing Series C Fixed to Floating ,
,
ICF International Inc ,
,
ICON PLC ,
,
"ICU Medical, Incorporated ",
,
"IDEXX Laboratories, Inc. ",
,
IES Holdings Inc ,
,
IF Bancorp Inc ,
,
IGATE Corp ,
,
IHS Markit Ltd ,
,
"II-VI, Inc. ",
,
IKONICS Corporation ,
,
ILG Inc ,
,
IMPINJ Inc ,
,
INC Research Holdings Inc ,
,
INTL Fcstone Inc ,
,
IPG Photonics Corporation ,
,
IRIDEX Corporation ,
,
"IRIS International, Inc. ",
,
IRSA Propiedades Comerciales SA (ADR) ,
,
ITUS Corp ,
,
IXYS Corporation ,
,
Iao Kun Group Holding Co Ltd ,
,
Icahn Enterprises LP ,
,
Ichor Holdings Ltd ,
,
Iconix Brand Group Inc ,
,
Ideal Power Inc ,
,
Identiv Inc ,
,
Idera Pharmaceuticals Inc ,
,
Ignite Restaurant Group Inc ,
,
Ignyta Inc ,
,
"Ikanos Communications, Inc. ",
,
"Illumina, Inc. ",
,
"Image Sensing Systems, Inc. ",
,
Immersion Corporation ,
,
ImmuCell Corporation ,
,
Immune Design Corp ,
,
Immune Pharmaceuticals Inc ,
,
"ImmunoGen, Inc. ",
,
"Immunomedics, Inc. ",
,
Impax Laboratories Inc ,
,
Imperva Inc ,
,
Imprimis Pharmaceuticals Inc ,
,
Incontact Inc ,
,
Incyte Corporation ,
,
Independent Bank Corp ,
,
Independent Bank Corporation - IBC Capital Finance II - % Cumulative Trust Preferred Securities ,
,
Independent Bank Corporation(MI) ,
,
Independent Bank Group Inc ,
,
"Industrial Services of America, Inc. ",
,
Infinera Corp. ,
,
Infinity Cross Border Acquisition Corp ,
,
Infinity Pharmaceuticals Inc. ,
,
Infinity Property and Casualty Corp. ,
,
InfoSonics Corporation ,
,
Informatica LLC ,
,
"Information Services Group, Inc. ",
,
"Ingles Markets, Incorporated ",
,
"InnerWorkings, Inc. ",
,
Innocoll Holdings PLC ,
,
Innodata Inc ,
,
"Innophos Holdings, Inc. ",
,
Innospec Inc. ,
,
Innovative Solutions & Support Inc ,
,
Innoviva Inc ,
,
Inogen Inc ,
,
Inotek Pharmaceuticals Corp ,
,
Inovalon Holdings Inc ,
,
Inovio Pharmaceuticals Inc ,
,
Inseego Corp ,
,
"Insight Enterprises, Inc. ",
,
"Insignia Systems, Inc. ",
,
Insmed Incorporated ,
,
Inspired Entertainment Inc ,
,
Inspired Entertainment Inc ,
,
Insteel Industries Inc ,
,
Insulet Corporation ,
,
Insys Therapeutics Inc ,
,
Intec Pharma Ltd ,
,
Integra LifeSciences Holdings Corporation ,
,
Integra Lifesciences Holdings Corp ,
,
"IntegraMed America, Incorporation. (Inactive) ",
,
Integrated Device Technology Inc ,
,
Intel Corporation ,
,
Inteliquent Inc ,
,
IntelliPharmaCeutics Intl Inc (USA) ,
,
Intellia Therapeutics Inc ,
,
"Inter Parfums, Inc. ",
,
"InterDigital, Inc. ",
,
InterGroup Corp ,
,
"Interactive Brokers Group, Inc. ",
,
Interactive Intelligence Group Inc ,
,
Intercept Pharmaceuticals Inc ,
,
"Interface, Inc. ",
,
"Interlink Electronics, Inc. ",
,
Intermolecular Inc ,
,
Intermountain Community Bancorp (Inactive) ,
,
Internap Corp ,
,
International Bancshares Corp ,
,
International Speedway Corp ,
,
Internet Gold Golden Lines Ltd ,
,
Internet Initiative Japan Inc. (ADR) ,
,
Interpace Diagnostics Group Inc ,
,
Intersect ENT Inc ,
,
Intersections Inc. ,
,
Intersil Corp ,
,
Intervest Bancshares Corp ,
,
"Intevac, Inc. ",
,
Intra-Cellular Therapies Inc ,
,
IntriCon Corporation ,
,
Intuit Inc. ,
,
"Intuitive Surgical, Inc. ",
,
Inventergy Global Inc ,
,
Inventure Foods Inc ,
,
Investar Holding Corp ,
,
"Investors Bancorp, Inc. ",
,
Investors Title Company ,
,
Invivo Therapeutics Holdings Corp ,
,
"Invuity, Inc. ",
,
Ionis Pharmaceuticals Inc ,
,
Iradimed Corp ,
,
Irhythm Technologies Inc ,
,
Iridium Communications Inc ,
,
Iridium Communications Inc - 6.75% Series B Cumulative Perpetual Convertible Preferred Stock ,
,
Iridium Communications Inc - GHL ACQUISITION CP - One (1) share of common stock and one (1) warrant ,
,
"Ironwood Pharmaceuticals, Inc. ",
,
Ishares MSCI Europe Fincls Sctr Indx Fd ,
,
Isle of Capri Casinos ,
,
"Isramco, Inc. ",
,
Iteris Inc ,
,
"Itron, Inc. ",
,
Ituran Location and Control Ltd. (US) ,
,
Ivy NextShares - Ivy Energy NextShares ,
,
Ivy NextShares - Ivy Focused Growth NextShares ,
,
Ivy NextShares - Ivy Focused Value NextShares ,
,
Ixia ,
,
Izea Inc ,
,
J & J Snack Foods Corp ,
,
J B Hunt Transport Services Inc ,
,
J.W. Mays Inc ,
,
J2 Global Inc ,
,
"JA Solar Holdings Co., Ltd. (ADR) ",
,
"JAKKS Pacific, Inc. ",
,
JD.Com Inc(ADR) ,
,
JETS Contrarian Opp Index Fund ,
,
JM Global Holding Co ,
,
JM Global Holding Company ,
,
JMU Ltd- ADR ,
,
"Jack Henry & Associates, Inc. ",
,
Jack in the Box Inc. ,
,
Jacksonville Bancorp Inc ,
,
Jacksonville Bancorp Inc. ,
,
Jaguar Animal Health Inc ,
,
"Jamba, Inc. ",
,
James River Group Holdings Ltd ,
,
Janus SG Global Quality Income ETF ,
,
Janus Small Cap Growth Alpha ETF ,
,
Janus Small/Mid Cap Growth Alpha ETF ,
,
Jazz Pharmaceuticals plc - Ordinary Shares ,
,
Jefferson Bancshares Inc ,
,
Jensyn Acquisition Corp ,
,
Jensyn Acquistion Corp. ,
,
JetBlue Airways Corporation ,
,
Jetpay Corp ,
,
Jewett-Cameron Trading Company Ltd ,
,
Jiayuan.com International Ltd ,
,
Jinpan International Limited ,
,
Jive Software Inc ,
,
"John B. Sanfilippo & Son, Inc. ",
,
Johnson Outdoors Inc. ,
,
Joint Corp ,
,
Jounce Therapeutics Inc ,
,
Juniper Pharmaceuticals Inc ,
,
Juno Therapeutics Inc ,
,
K Swiss Inc ,
,
K2M Group Holdings Inc ,
,
KCAP Financial Inc ,
,
KEYW Holding Corp. ,
,
KLA-Tencor Corp ,
,
KLR Energy Acquisition Corp ,
,
KLR Energy Acquisition Corp ,
,
KLX Inc ,
,
"KSW, Inc. (Inactive) ",
,
"KVH Industries, Inc. ",
,
Kaiser Aluminum Corp. ,
,
Kalvista Pharmaceuticals Inc ,
,
Kamada Ltd ,
,
Kandi Technologies Group Inc ,
,
Karyopharm Therapeutics Inc ,
,
Kayak Software Corp ,
,
Kearny Financial ,
,
"Kelly Services, Inc. ",
,
"Kelly Services, Inc. ",
,
KemPharm Inc ,
,
Kentucky First Federal Bancorp ,
,
Keryx Biopharmaceuticals ,
,
Keurig Green Mountain Inc ,
,
Kewaunee Scientific Corporation ,
,
"Key Technology, Inc. ",
,
Key Tronic Corporation ,
,
Kforce Inc. ,
,
Kimball Electronics Inc ,
,
Kimball International Inc ,
,
Kindred Biosciences Inc ,
,
Kingold Jewelry Inc ,
,
Kingstone Companies Inc ,
,
Kingtone Wirelessinfo Solutions Hldg Ltd ,
,
Kinsale Capital Group Inc ,
,
"Kirkland's, Inc. ",
,
Kite Pharma Inc ,
,
Kitov Pharmaceuticals Holdings Ltd (ADR) ,
,
Kofax Ltd ,
,
Kona Grill Inc ,
,
KongZhong Corporation (ADR) ,
,
Kopin Corporation ,
,
Kornit Digital Ltd ,
,
Koss Corporation ,
,
Kraft Heinz Co ,
,
KraneShares Trust ,
,
"Kratos Defense & Security Solutions, Inc ",
,
Ku6 Media Co Ltd (ADR) ,
,
Kulicke and Soffa Industries Inc. ,
,
Kura Oncology Inc ,
,
L.B. Foster Co ,
,
LCA-Vision Inc. (Inactive) ,
,
LCNB Corp. ,
,
LDR Holding Corp ,
,
LGI Homes Inc ,
,
"LHC Group, Inc. ",
,
LKQ Corporation ,
,
LM Funding America Inc ,
,
"LM Funding America, Inc. ",
,
"LMI Aerospace, Inc. ",
,
"LML Payment Systems, Inc. ",
,
LNB Bancorp Inc ,
,
LPL Financial Holdings Inc ,
,
LRAD Corp ,
,
LSB Financial Corp. (Inactive) ,
,
"LSI Industries, Inc. ",
,
La Jolla Pharmaceutical Company ,
,
"LaCrosse Footwear, Inc. (Inactive) ",
,
LaPorte Bancorp Inc ,
,
"Lake Shore Bancorp, Inc. ",
,
"Lakeland Bancorp, Inc. ",
,
Lakeland Financial Corporation ,
,
"Lakeland Industries, Inc. ",
,
Lam Research Corporation ,
,
Lamar Advertising Company ,
,
Lancaster Colony Corp. ,
,
Landcadia Holdings Inc ,
,
Landcadia Holdings Inc ,
,
Landec Corporation ,
,
Landmark Bancorp Inc ,
,
Landmark Infrastructure Partners LP ,
,
Landmark Infrastructure Partners LP ,
,
Landmark Infrastructure Partners LP - Preferred Units ,
,
"Lands' End, Inc. ",
,
"Landstar System, Inc. ",
,
Lantheus Holdings Inc ,
,
Lantronix Inc ,
,
Lattice Semiconductor Corp ,
,
Laureate Education Inc ,
,
"Lawson Products, Inc. ",
,
Layne Christensen Company ,
,
Le Gaga Holdings Ltd ADR ,
,
LeMaitre Vascular Inc ,
,
"Leading Brands, Inc (USA) ",
,
Leap Therapeutics Inc ,
,
Legacy Reserves LP ,
,
Legacy Reserves LP ,
,
Legacy Reserves LP ,
,
LegacyTexas Financial Group Inc ,
,
Legg Mason Developed EX-US Diversified Core ETF ,
,
Legg Mason Emerging Markets Diversified Core ETF ,
,
Legg Mason Etf Investment Trust Legg Mason Global Infrastructure Etf ,
,
Legg Mason Etf Investment Trust Legg Mason Low Volatility High Dividend Etf ,
,
Legg Mason US Diversified Core ETF ,
,
Lendingtree Inc ,
,
"Lexicon Pharmaceuticals, Inc. ",
,
Lianluo Smart Ltd ,
,
Liberty Braves Group ,
,
Liberty Braves Group ,
,
Liberty Broadband Corp ,
,
Liberty Broadband Corp ,
,
Liberty Expedia Holdings Inc ,
,
Liberty Expedia Holdings Inc ,
,
Liberty Global plc - Class A Ordinary Shares ,
,
Liberty Global plc - Class A Ordinary Shares ,
,
Liberty Global plc - Class B Ordinary Shares ,
,
Liberty Global plc - Class C Ordinary Shares ,
,
Liberty Global plc - Class C Ordinary Shares ,
,
Liberty Interactive Corp ,
,
Liberty Interactive Corporation - Series A Liberty Ventures ,
,
Liberty Interactive Corporation - Series B Liberty Ventures ,
,
Liberty Interactive Group ,
,
Liberty Media Corporation - Series A Liberty Formula One ,
,
Liberty Media Corporation - Series C Liberty Formula One ,
,
Liberty Media Formula One ,
,
Liberty Media Formula One (Inactive) ,
,
Liberty Sirius XM Group ,
,
Liberty Sirius XM Group ,
,
Liberty Sirius XM Group ,
,
Liberty Tax Inc ,
,
Liberty Tripadvisor Holdings Inc ,
,
Liberty Tripadvisor Holdings Inc ,
,
LifePoint Health Inc ,
,
LifeVantage Corp ,
,
Lifetime Brands Inc ,
,
"Lifeway Foods, Inc. ",
,
Ligand Pharmaceuticals Inc. ,
,
"LightPath Technologies, Inc. ",
,
Lightbridge Corp ,
,
"Limbach Holdings, Inc. ",
,
"Limelight Networks, Inc. ",
,
Limoneira Company ,
,
Lincoln Educational Services Corp ,
,
"Lincoln Electric Holdings, Inc. ",
,
Lindblad Expeditions Holdings Inc. ,
,
Linear Technology Corporation ,
,
Lion Biotechnologies Inc ,
,
"Lionbridge Technologies, Inc. ",
,
Lipocine Inc ,
,
"Liquidity Services, Inc. ",
,
"Littelfuse, Inc. ",
,
LivaNova PLC ,
,
Live Oak Bancshares Inc ,
,
Live Ventures Inc ,
,
"LivePerson, Inc. ",
,
Lj International Inc (Inactive) ,
,
LoJack Corporation ,
,
LogMeIn Inc ,
,
Logitech International SA (USA) ,
,
Lombard Medical Inc ,
,
Loncar Cancer Immunotherapy ETF ,
,
Lonestar Resources US Inc. ,
,
Long Island Iced Tea Corp ,
,
Loral Space & Communications Ltd. ,
,
"Louisiana Bancorp, Inc. ",
,
Loxo Oncology Inc ,
,
Lululemon Athletica inc. ,
,
Lumentum Holdings Inc ,
,
Luminex Corporation ,
,
Lumos Networks Corp ,
,
Luna Innovations Incorporated ,
,
"M I Acquisitions, Inc. ",
,
M III Acquisition Corp ,
,
M III Acquisition Corp. ,
,
MACOM Technology Solutions Holdings Inc ,
,
MAM Software Group Inc. ,
,
MB Financial Inc ,
,
"MB Financial Inc. - Perpetual Non-Cumulative Preferred Stock, Series A ",
,
MBT Financial Corp. ,
,
MCBC Holdings Inc ,
,
MDC Partners Inc ,
,
MEI Pharma Inc ,
,
MER Telemanagement Solutions Ltd. ,
,
"MFRI, Inc. ",
,
MGC Diagnostics Corp ,
,
"MGE Energy, Inc. ",
,
MGP Ingredients Inc ,
,
MIND C.T.I. Ltd. ,
,
MINDBODY Inc ,
,
"MKS Instruments, Inc. ",
,
MMA Capital Management LLC ,
,
MModal Inc ,
,
"MOCON, Inc. ",
,
MOD-PAC CORP. (Inactive) ,
,
"MRV Communications, Inc. ",
,
MSB Financial Corp. ,
,
MTGE Investment Corp ,
,
MTGE Investment Corp. - 8.125% Series A Cumulative Redeemable Preferred Stock ,
,
MTR Gaming Group Inc (Inactive) ,
,
MTS Systems Corporation ,
,
MYOS RENS Technology Inc ,
,
MYR Group Inc ,
,
"MabVax Therapeutics Holdings, Inc. ",
,
Macatawa Bank Corporation ,
,
Mackinac Financial Corporation ,
,
MacroGenics Inc ,
,
Macrocure Ltd ,
,
Madrigal Pharmaceuticals Inc ,
,
Magal Security Systems Ltd. (USA) ,
,
Magellan Health Inc ,
,
Magic Software Enterprises Ltd. ,
,
MagneGas Corporation ,
,
"Magyar Bancorp, Inc. ",
,
"Maiden Holdings, Ltd. ",
,
"Maiden Holdings, Ltd. - 7.25% Mandatory Convertible Preference Shares, Series B ",
,
MainSource Financial Group Inc. ,
,
MakeMusic Inc ,
,
MakeMyTrip Limited ,
,
Malibu Boats Inc ,
,
"Malvern Bancorp, Inc. ",
,
Mammoth Energy Services Inc ,
,
"Manhattan Associates, Inc. ",
,
Manhattan Bridge Capital Inc. ,
,
Manitex International Inc ,
,
MannKind Corporation ,
,
"Mannatech, Inc. ",
,
Mantech International Corp ,
,
Marathon Patent Group Inc ,
,
"Marchex, Inc. ",
,
Marine Petroleum Trust ,
,
Marinus Pharmaceuticals Inc ,
,
Market Leader Inc (Inactive) ,
,
MarketAxess Holdings Inc. ,
,
Marketo Inc ,
,
Marlin Business Services Corp. ,
,
Marriott International Inc ,
,
Marrone Bio Innovations Inc ,
,
"Marten Transport, Ltd ",
,
Martin Midstream Partners L.P. ,
,
Marvell Technology Group Ltd. ,
,
Masimo Corporation ,
,
Match Group Inc ,
,
Material Sciences Corporation (Inactive) ,
,
Materialise NV (ADR) ,
,
Matrix Service Co ,
,
"Mattel, Inc. ",
,
Mattersight Corp ,
,
Matthews International Corp ,
,
Mattress Firm Holding Corp ,
,
"Mattson Technology, Inc. ",
,
MaxPoint Interactive Inc ,
,
Maxim Integrated Products Inc. ,
,
Maxwell Technologies Inc. ,
,
Mayflower Bancorp Inc. (Inactive) ,
,
Mazor Robotics Ltd - ADR ,
,
McGrath RentCorp ,
,
Mecox Lane Ltd ,
,
MedCath Corporation (Inactive) ,
,
Medallion Financial Corp ,
,
Medgenics Inc ,
,
Medical Transcription Billing Corp ,
,
"Medical Transcription Billing, Corp. - 11% Series A Cumulative Redeemable Perpetual Preferred Stock ",
,
"MediciNova, Inc. ",
,
Medidata Solutions Inc ,
,
Medigus Ltd. - American Depositary Share ,
,
Medivation Inc ,
,
Mediware Info. Systems (Inactive) ,
,
Mediwound Ltd ,
,
Medovex Corp ,
,
Medovex Corp. ,
,
Medpace Holdings Inc ,
,
MeetMe Inc ,
,
Melco Crown Entertainment Ltd (ADR) ,
,
"Mellanox Technologies, Ltd. ",
,
Melrose Bancorp Inc ,
,
Memorial Production Partners LP ,
,
Mentor Graphics Corp ,
,
Mercadolibre Inc ,
,
Mercantile Bank Corp. ,
,
Mercer International Inc. ,
,
"Merchants Bancshares,Inc. ",
,
Mercury Commercial Electronics Inc (Inactive) ,
,
Mercury Systems Inc ,
,
Mergeworthrx Corp (Inactive) ,
,
"Meridian Bancorp, Inc. ",
,
"Meridian Bioscience, Inc. ",
,
Meridian Waste Solutions Inc ,
,
"Merit Medical Systems, Inc. ",
,
"Merrill Lynch & Co., Inc. - S&P 500 Market Index Target-Term Securities ",
,
"Merrill Lynch & Co., Inc. - Strategic Return Notes Linked to the Industrial 15 Index ",
,
Merrimack Pharmaceuticals Inc ,
,
"Meru Networks, Inc. ",
,
Merus Labs International Inc (USA) ,
,
Merus NV ,
,
"Mesa Laboratories, Inc. ",
,
Mesoblast limited (ADR) ,
,
Meta Financial Group Inc. ,
,
Methanex Corporation (USA) ,
,
Methes Energies International Ltd ,
,
MiMedx Group Inc ,
,
Michaels Companies Inc ,
,
"Micrel, Incorporated ",
,
MicroStrategy Incorporated ,
,
Microbot Medical Inc ,
,
Microchip Technology Inc. ,
,
Microlin Bio Inc ,
,
"Micron Technology, Inc. ",
,
Micronet Enertec Technologies Inc ,
,
Microsemi Communications Inc ,
,
Microsemi Corporation ,
,
Microsoft Corporation ,
,
"Microvision, Inc. ",
,
"Mid Penn Bancorp, Inc. ",
,
Mid-Con Energy Partners LP ,
,
"MidWestOne Financial Group, Inc. ",
,
Midatech Pharma PLC-ADR ,
,
Middleburg Financial Corp. ,
,
Middleby Corp ,
,
Middlefield Banc Corp ,
,
Middlesex Water Company ,
,
Midland States Bancorp Inc ,
,
Mimecast Ltd ,
,
Minerva Neurosciences Inc ,
,
Miragen Therapeutics Inc ,
,
"Miragen Therapeutics, Inc. ",
,
"Mirati Therapeutics, Inc. ",
,
Mirna Therapeutics Inc ,
,
"Misonix, Inc. ",
,
"Mitcham Industries, Inc. ",
,
"Mitcham Industries, Inc. - Series A 9.00% Series A Cumulative Preferred Stock ",
,
"Mitek Systems, Inc. ",
,
Mitel Networks Corp ,
,
MoSys Inc. ,
,
Mobile Mini Inc ,
,
Mobileiron Inc ,
,
Modsys International Ltd ,
,
"ModusLink Global Solutions, Inc. ",
,
Moleculin Biotech Inc ,
,
"Momenta Pharmaceuticals, Inc. ",
,
Momo Inc (ADR) ,
,
"Monarch Casino & Resort, Inc. ",
,
"Monarch Financial Holdings, Inc. ",
,
Mondelez International Inc ,
,
Moneygram International Inc ,
,
"Monolithic Power Systems, Inc. ",
,
Monotype Imaging Holdings Inc. ,
,
Monro Muffler Brake Inc ,
,
Monroe Capital Corp ,
,
Monster Beverage Corporation ,
,
Monster Digital Inc ,
,
Morgans Hotel Group Co. ,
,
"Morningstar, Inc. ",
,
Motif Bio plc - ADR ,
,
"Motorcar Parts of America, Inc. ",
,
"Mountain Province Diamonds, Inc. ",
,
Moxian Inc ,
,
Multi-Color Corporation ,
,
"Multi-Fineline Electronix, Inc. ",
,
Multimedia Games Holding Company Inc ,
,
"MutualFirst Financial, Inc. ",
,
Mylan N.V. ,
,
Myokardia Inc ,
,
"Myriad Genetics, Inc. ",
,
NASDAQ:IFAS ,
,
NASDAQ:SWTX ,
,
"NB&T Financial Group, Inc. ",
,
NBT Bancorp Inc. ,
,
NCI Inc ,
,
NEWTEK Business Services Corp ,
,
NF Energy Saving Corp ,
,
NIC Inc. ,
,
"NII Holdings, Inc. ",
,
NMI Holdings Inc ,
,
"NN, Inc. ",
,
NTELOS Holdings Corp ,
,
NV5 Global Inc ,
,
NVE Corp ,
,
NVIDIA Corporation ,
,
NXP Semiconductors NV ,
,
NXT-ID Inc ,
,
Nabriva Therapeutics AG - ADR ,
,
Naked Brand Group Inc ,
,
Nano Dimension Ltd - ADR ,
,
NanoString Technologies Inc ,
,
NanoVibronix Inc (Inactive) ,
,
Nanometrics Incorporated ,
,
"Nanosphere, Inc. ",
,
NantHealth Inc ,
,
Nantkwest Inc ,
,
Napco Security Technologies Inc ,
,
Nasdaq Inc ,
,
Natera Inc ,
,
"Nathan's Famous, Inc. ",
,
National American University Holdngs Inc ,
,
National Bankshares Inc. ,
,
National Beverage Corp. ,
,
"National CineMedia, Inc. ",
,
National Commerce Corp ,
,
National General Holdings Corp ,
,
National General Holdings Corp ,
,
National General Holdings Corp - Depositary Shares ,
,
"National General Holdings Corp - Depositary Shares, each representing 1/40th of a share of 7.50% Non-Cumulative Preferred Stock, Series C ",
,
National Holdings Corporation ,
,
National Instruments Corp ,
,
National Interstate Corporation ,
,
"National Penn Bancshares, Inc. - NPB Capital Trust II - 7.85% Cumulative Trust Preferred Securities ",
,
National Research Corp ,
,
National Research Corporation ,
,
National Research Corporation ,
,
National Security Group Inc ,
,
"National Western Life Group, Inc. ",
,
"Natural Alternatives International, Inc. ",
,
Natural Health Trends Corp. ,
,
Nature's Sunshine Prod. ,
,
Natus Medical Inc ,
,
Navient Corp ,
,
"Navient Corporation - Medium Term Notes, Series A, CPI-Linked Notes due January 16, 2018 ",
,
Navigators Group Inc ,
,
Nektar Therapeutics ,
,
"NeoGenomics, Inc. ",
,
Neogen Corporation ,
,
"Neonode, Inc ",
,
Neos Therapeutics Inc ,
,
Neothetics Inc ,
,
Neovasc Inc (US) ,
,
Neptune Technologies & Bioressources-Ord ,
,
Net 1 UEPS Technologies Inc ,
,
Net Element Inc ,
,
Net Element International Inc ,
,
Net Servicos de Comunicacao SA (ADR) ,
,
NetApp Inc. ,
,
NetEase Inc (ADR) ,
,
"NetGear, Inc. ",
,
"NetScout Systems, Inc. ",
,
NetSol Technologies Inc. ,
,
"Netflix, Inc. ",
,
"Netlist, Inc. ",
,
"Neuralstem, Inc. ",
,
"Neurocrine Biosciences, Inc. ",
,
Neuroderm Ltd ,
,
Neurometrix Inc ,
,
New Age Beverages Corp ,
,
"New England Bancshares, Inc. (Inactive) ",
,
"New Frontier Media, Inc. (Inactive) ",
,
New York Mortgage Trust Inc ,
,
New York Mortgage Trust Inc ,
,
New York Mortgage Trust Inc ,
,
NewLink Genetics Corp ,
,
NewStar Financial Inc ,
,
"Newport Bancorp, Inc. ",
,
News Corp ,
,
News Corp ,
,
Nexeo Solutions Inc ,
,
Nexeo Solutions Inc ,
,
Nexstar Media Group Inc ,
,
Nexvet Biopharma plc ,
,
Nice Ltd (ADR) ,
,
"Nicholas Financial, Inc. ",
,
Nicolet Bankshares Inc ,
,
Ninetowns Internet Technlgy Grp Co Ltd. ,
,
Nivalis Therapeutics Inc ,
,
Noodles & Co ,
,
Nordic Realty Trust Inc ,
,
Nordson Corporation ,
,
Nortech Systems Incorporated ,
,
Nortek Inc ,
,
North Valley Bancorp (Inactive) ,
,
Northeast Bancorp ,
,
Northern Technologies International Corp ,
,
Northern Trust Corporation ,
,
Northern Trust Corporation - Depository Shares ,
,
"Northfield Bancorp, Inc. ",
,
"Northrim BanCorp, Inc. ",
,
"Northwest Bancshares, Inc. ",
,
Northwest Pipe Company ,
,
Norwegian Cruise Line Holdings Ltd ,
,
Norwood Financial Corporation ,
,
Nova Lifestyle Inc ,
,
Nova Measuring Instruments Ltd. ,
,
Novadaq Technologies Inc. ,
,
Novan Inc ,
,
Novanta Inc (USA) ,
,
Novatel Wireless Inc ,
,
"Novavax, Inc. ",
,
Novelion Therapeutics Inc (USA) ,
,
Novocure Ltd ,
,
Novogen Limited (ADR) ,
,
"NuVasive, Inc. ",
,
Nuance Communications Inc. ,
,
Numerex Corp. ,
,
Nutanix Inc ,
,
Nutraceutical Int'l Corp. ,
,
NutriSystem Inc. ,
,
Nuvectra Corp ,
,
Nuveen NASDAQ 100 Dynamic Overwrite Fund - Shares of Beneficial Interest ,
,
"NxStage Medical, Inc. ",
,
Nymox Pharmaceutical Corporation ,
,
O'Reilly Automotive Inc ,
,
O2Micro International Limited (ADR) ,
,
OBA Financial Services Inc ,
,
OFS Capital Corp ,
,
OHA Investment Corp ,
,
OHR Pharmaceutical Inc ,
,
ON Semiconductor Corp ,
,
OPNET Technologies LLC (Inactive) ,
,
ORBCOMM Inc ,
,
"OSI Systems, Inc. ",
,
Oak Valley Bancorp ,
,
Oasmia Pharmaceutical AB - American Depositary Shares ,
,
"Obagi Medical Products, Inc. (Inactive) ",
,
Obalon Therapeutics Inc ,
,
Obseva SA ,
,
"Ocean Bio-Chem, Inc. ",
,
Ocean Power Technologies Inc ,
,
Ocean Rig UDW Inc. ,
,
Ocean Shore Holding Co ,
,
OceanFirst Financial Corp. ,
,
Ocera Therapeutics Inc ,
,
"Oclaro, Inc. ",
,
Oconee Federal Financial ,
,
Ocular Therapeutix Inc ,
,
Odyssey Marine Exploration Inc ,
,
Office Depot Inc ,
,
Official Payments Holdings Inc (Inactive) ,
,
Ohio Valley Banc Corp. ,
,
Old Dominion Freight Line ,
,
"Old Line Bancshares, Inc. (MD) ",
,
Old National Bancorp ,
,
Old Point Financial Corporation ,
,
Old Second Bancorp Inc. ,
,
"Old Second Bancorp, Inc. - 7.80% Cumulative Trust Preferred Securities ",
,
Ollie's Bargain Outlet Holdings Inc ,
,
"Olympic Steel, Inc. ",
,
"Omega Flex, Inc. ",
,
Omeros Corporation ,
,
"OmniAmerican Bancorp, Inc. ",
,
"Omnicell, Inc. ",
,
On Track Innovations Ltd (USA) ,
,
OncoGenex Pharmaceuticals Inc ,
,
OncoSec Medical Inc ,
,
Oncobiologics Inc ,
,
Oncobiologics Inc ,
,
Oncomed Pharmaceuticals Inc ,
,
Onconova Therapeutics Inc ,
,
One Group Hospitality Inc ,
,
One Horizon Group Inc ,
,
Oneida Financial Corp ,
,
"Onvia, Inc. ",
,
OpGen Inc ,
,
Open Text Corp (USA) ,
,
Opexa Therapeutics Inc ,
,
Ophthotech Corp ,
,
Opko Health Inc. ,
,
Optibase Ltd ,
,
Optical Cable Corporation ,
,
"OptimumBank Holdings, Inc. ",
,
Opus Bank ,
,
"OraSure Technologies, Inc. ",
,
"Oramed Pharmaceuticals, Inc. ",
,
Orbotech Ltd ,
,
"Orexigen Therapeutics, Inc. ",
,
Organovo Holdings Inc ,
,
Origin Agritech Ltd. ,
,
Origo Acquisition Corp ,
,
Origo Acquisition Corporation - Ordinary Shares ,
,
"Orion Energy Systems, Inc. ",
,
Oritani Financial Corp. ,
,
Orrstown Financial Services ,
,
Orthofix International NV ,
,
"Osiris Therapeutics, Inc. ",
,
Ossen Innovation Co Ltd (ADR) ,
,
Otelco Inc ,
,
Otelco Inc ,
,
Otonomy Inc ,
,
"Ottawa Bancorp, Inc. ",
,
Otter Tail Corporation ,
,
"Outdoor Channel Holdings, Inc. (Inactive) ",
,
Outerwall Inc ,
,
OvaScience Inc ,
,
"Overstock.com, Inc. ",
,
Oxbridge Re Holdings Ltd ,
,
Oxbridge Re Holdings Ltd. ,
,
Oxford Immunotec Global PLC ,
,
Oxford Lane Capital Corp ,
,
Oxford Lane Capital Corp. - 8.125% Series 2024 Term Preferred Stock ,
,
"Oxford Lane Capital Corp. - Term Preferred Shares, 7.50% Series 2023 ",
,
"Oxford Lane Capital Corp. - Term Preferred Shares, 8.50% Series 2017 ",
,
"P & F Industries, Inc. ",
,
"P.A.M. Transportation Services, Inc. ",
,
PACCAR Inc ,
,
PAREXEL International Corporation ,
,
PAVmed Inc ,
,
PAVmed Inc. ,
,
PB Bancorp Inc ,
,
PB Bancorp Inc ,
,
"PC Connection, Inc. ",
,
PC Tel Inc ,
,
PCM Inc ,
,
PDC Energy Inc ,
,
"PDF Solutions, Inc. ",
,
PDL BioPharma Inc ,
,
"PFSweb, Inc. ",
,
PHAZAR CORP. ,
,
PHI Inc. ,
,
PHI Inc. ,
,
PICO Holdings Inc ,
,
PMFG Inc ,
,
PRA Health Sciences Inc ,
,
PRGX Global Inc ,
,
PROVIDENT BANCORP INC ,
,
PTC Inc ,
,
"PTC Therapeutics, Inc. ",
,
PacWest Bancorp ,
,
Pace Holdings Corp ,
,
Pace Holdings Corp ,
,
Pacific Biosciences of California ,
,
Pacific Capital Bancorp (Inactive) ,
,
Pacific Continental Corporation ,
,
Pacific Ethanol Inc ,
,
Pacific Mercantile Bancorp ,
,
"Pacific Premier Bancorp, Inc. ",
,
Pacific Special Acquisition Corp ,
,
Pacific Special Acquisition Corp. - Ordinary Shares ,
,
Pacira Pharmaceuticals Inc ,
,
"Pain Therapeutics, Inc. ",
,
Palmetto Bancshares Inc ,
,
Palomar Medical Technologies Inc (Inactive) ,
,
Pan American Silver Corp. (USA) ,
,
Panera Bread Co ,
,
Pangaea Logistics Solutions Ltd ,
,
Pansoft Company Limited ,
,
Pantry Inc ,
,
"Papa John's Int'l, Inc. ",
,
Papa Murphy's Holdings Inc ,
,
Paragon Commercial Corp ,
,
Paratek Pharmaceuticals Inc ,
,
"Park City Group, Inc. ",
,
Park Sterling Corp ,
,
Park-Ohio Holdings Corp. ,
,
"Parke Bancorp, Inc. ",
,
"ParkerVision, Inc. ",
,
Partner Communications Company Ltd (ADR) ,
,
"Pathfinder Bancorp, Inc. ",
,
"Patrick Industries, Inc. ",
,
Patriot National Bancorp ,
,
Patriot Transportation Holding Inc ,
,
Pattern Energy Group Inc ,
,
"Patterson Companies, Inc. ",
,
"Patterson-UTI Energy, Inc. ",
,
"Paychex, Inc. ",
,
Paylocity Holding Corp ,
,
"Payment Data Systems, Inc. ",
,
Paypal Holdings Inc ,
,
Peak Resorts Inc ,
,
Peapack-Gladstone Financial Corp ,
,
Peerless Systems Corp. ,
,
Pegasystems Inc. ,
,
Pendrell Corp ,
,
Penford Corp ,
,
"Penn National Gaming, Inc ",
,
"Penn National Gaming, Inc. ",
,
Penn Virginia Corporation ,
,
PennantPark Investment Corp. ,
,
Pennantpark Floating Rate Capital Ltd ,
,
"Penns Woods Bancorp, Inc. ",
,
Penntex Midstream Partners LP ,
,
"People's United Financial, Inc. ",
,
"People's United Financial, Inc. - Perpetual Preferred Series A Fixed-to-floating Rate ",
,
Peoples Bancorp Inc. ,
,
"Peoples Bancorp of North Carolina, Inc. ",
,
"Peoples Federal Bancshares, Inc. ",
,
Peoples Financial Corp ,
,
Peoples Financial Services Corp ,
,
Peoples Utah Bancorp ,
,
"Perceptron, Inc. ",
,
Peregrine Pharmaceuticals ,
,
Peregrine Pharmaceuticals ,
,
Peregrine Semiconductor Corp ,
,
"Perfect World Co., Ltd. (ADR) ",
,
"Perficient, Inc. ",
,
Performant Financial Corp ,
,
"Perfumania Holdings, Inc. ",
,
Perion Network Ltd ,
,
"Perma-Fix Environmental Services, Inc. ",
,
Pernix Sleep Inc (Inactive) ,
,
Pernix Therapeutics Holdings Inc ,
,
"Perry Ellis International, Inc. ",
,
Pershing Gold Corp ,
,
Pervasive Software Inc. (Inactive) ,
,
"PetSmart, Inc. ",
,
Petmed Express Inc ,
,
PhaseRx Inc ,
,
Phibro Animal Health Corp ,
,
PhotoMedex Inc ,
,
"Photronics, Inc. ",
,
"Physicians Formula Holdings, Inc. ",
,
Pieris Pharmaceuticals Inc ,
,
Pilgrim's Pride Corporation ,
,
Pingtan Marine Enterprise Ltd ,
,
Pingtan Marine Enterprise Ltd ,
,
Pinnacle Entertainment Inc ,
,
Pinnacle Financial Partners ,
,
"Pioneer Power Solutions, Inc. ",
,
"Pixelworks, Inc. ",
,
"Planar Systems, Inc. ",
,
Planet Payment Inc ,
,
Plexus Corp. ,
,
Plug Power Inc ,
,
Plumas Bancorp ,
,
Pluristem Therapeutics Inc. ,
,
Poage Bankshares Inc ,
,
Pointer Telocation Ltd ,
,
Points International Ltd (USA) ,
,
Pokertek Inc (Inactive) ,
,
Polar Power Inc ,
,
Polarityte Inc ,
,
Polycom Inc ,
,
Pool Corporation ,
,
Pope Resources A Delaware LP ,
,
Popeyes Louisiana Kitchen Inc ,
,
Popular Inc ,
,
"Popular, Inc. - Popular Capital Trust I -6.70% Cumulative Monthly Income Trust Preferred Securities ",
,
"Popular, Inc. - Popular Capital Trust II - 6.125% Cumulative Monthly Income Trust Preferred Securities ",
,
"Porter Bancorp, Inc. ",
,
Portola Pharmaceuticals Inc ,
,
Potbelly Corp ,
,
Potlatch Corporation ,
,
"Powell Industries, Inc. ",
,
Power Integrations Inc ,
,
Power Solutions International Inc ,
,
PowerShare Buyback Achievers Fund (ETF) ,
,
PowerShares 1-30 Laddered Treasury Portfolio ,
,
PowerShares Actively Managed Exchange Traded Fund Trust ,
,
PowerShares DWA Devld Markt Tech (ETF) ,
,
PowerShares DWA Emerg Markts Tech (ETF) ,
,
PowerShares DWA Momentum & Low Volatility Rotation Portfolio ,
,
PowerShares DWA SmallCap Momentum Portfolio ,
,
PowerShares DWA Tactical Multi-Asset Income Portfolio ,
,
PowerShares DWA Tactical Sector Rotation Portfolio ,
,
PowerShares DWA Technical Ldrs Pf (ETF) ,
,
PowerShares Dividend Achievers (ETF) ,
,
PowerShares Dynamic Basic Material (ETF) ,
,
PowerShares Dynamic Consumer Disc. (ETF) ,
,
PowerShares Dynamic Consumer Sta. (ETF) ,
,
PowerShares Dynamic Energy Sector (ETF) ,
,
PowerShares Dynamic Finl Sec Fnd (ETF) ,
,
PowerShares Dynamic Heathcare Sec (ETF) ,
,
PowerShares Dynamic Indls Sec Port (ETF) ,
,
PowerShares Dynamic OTC Portfolio (ETF) ,
,
PowerShares Dynamic Tech Sec (ETF) ,
,
PowerShares Dynamic Utilities (ETF) ,
,
PowerShares Exchange-Traded Fund Trust ,
,
PowerShares Exchange-Traded Fund Trust II ,
,
PowerShares Exchange-Traded Fund Trust II ,
,
PowerShares Exchange-Traded Fund Trust II ,
,
PowerShares Exchange-Traded Fund Trust II ,
,
PowerShares Exchange-Traded Fund Trust II ,
,
PowerShares Exchange-Traded Fund Trust II ,
,
PowerShares Exchange-Traded Fund Trust II ,
,
PowerShares Exchange-Traded Fund Trust II ,
,
PowerShares Exchange-Traded Fund Trust II ,
,
PowerShares FTSE International Low Beta Equal Weight Portfolio ,
,
PowerShares FTSE RAFI US 1500 Small-Mid ,
,
PowerShares Gld Drg Haltr USX China(ETF) ,
,
PowerShares Global Water Portfolio (ETF) ,
,
PowerShares Global Wind Energy Portfol ,
,
PowerShares High Yld. Dividend Achv(ETF) ,
,
PowerShares Intl. Dividend Achiev. (ETF) ,
,
PowerShares KBW Bank Portfolio ,
,
PowerShares KBW Regional Banking Portfolio ,
,
PowerShares MENA Frontier Countris Prt ,
,
PowerShares Optimum Yield Diversified Commodity Strategy No K-1 Portfolio ,
,
"PowerShares QQQ Trust, Series 1 (ETF) ",
,
PowerShares Russell 1000 Low Beta Equal Weight Portfolio ,
,
PowerShares S&P SlCp Mls Ptfo ,
,
PowerShares S&P SllCp Egy Ptflio ,
,
PowerShares S&P SllCp Ficls Ptflio ,
,
PowerShares S&P SmallCap Hlth Cr Ptflo ,
,
PowerShares S&P SmallCap Indtls Ptflio ,
,
PowerShares S&P SmlCp Inftn Thgy Pfo ,
,
PowerShares S&P SmllCp Cnsmr Disny Ptfo ,
,
PowerShares S&P SmllCp Csmr Stpls Pfo ,
,
PowerShares S&P SmllCp Utlts Pfo ,
,
PowerShares Variable Rate Investment Grade Portfolio ,
,
Powershares Water Resource Portfolio ,
,
Pra Group Inc ,
,
Prana Biotechnology Limited (ADR) ,
,
Preferred Bank ,
,
Preformed Line Products Company ,
,
"Premier Financial Bancorp, Inc. ",
,
Premier Inc ,
,
PremierWest Bancorp ,
,
Presbia PLC ,
,
Presidential Life LLC (Inactive) ,
,
"Presstek, Inc. (Inactive) ",
,
"PriceSmart, Inc. ",
,
Prima BioMed Ltd (ADR) ,
,
PrimeEnergy Corporation ,
,
Primo Water Corporation ,
,
Primoris Services Corp ,
,
Principal Healthcare Innovators Index ETF ,
,
Principal Millennials Index ETF ,
,
Principal Price Setters Index ETF ,
,
Principal Shareholder Yield Index ETF ,
,
Principal U.S. Small Cap Index ETF ,
,
Prism Technologies Group Inc ,
,
PrivateBancorp Inc ,
,
"PrivateBancorp, Inc. - PrivateBancorp Capital Trust IV - 10% Trust Preferred ",
,
Pro-Dex Inc ,
,
ProPhase Labs Inc ,
,
ProQR Therapeutics NV ,
,
ProShares Trust UltraPro Short QQQ ETF ,
,
ProShares Ultra Nasdaq Biotechnology ETF ,
,
ProShares UltraPro QQQ ETF ,
,
ProShares UltraPro Short NASDAQ Biotechnology ,
,
ProShares UltraShort Nasdaq Biotech ,
,
Procera Networks Inc ,
,
Professional Diversity Network Inc ,
,
"Profire Energy, Inc. ",
,
"Progenics Pharmaceuticals, Inc. ",
,
Progress Software Corporation ,
,
Proofpoint Inc ,
,
Prosensa Holding NV ,
,
Proshares UltraPro Nasdaq Biotechnology ,
,
Prospect Capital Corporation ,
,
Protagonist Therapeutics Inc ,
,
Proteon Therapeutics Inc ,
,
Proteostasis Therapeutics Inc ,
,
Prothena Corporation PLC ,
,
Providence & Worcester Railroad Company ,
,
"Provident Financial Holdings, Inc. ",
,
"Prudential Bancorp, Inc. of PA ",
,
Psychemedics Corp. ,
,
Pulaski Financial Corp ,
,
Pulmatrix Inc ,
,
Pulse Biosciences Inc ,
,
Puma Biotechnology Inc ,
,
Pure Cycle Corporation ,
,
PureFunds ETFx HealthTech ETF ,
,
Purefunds Solactive FinTech ETF ,
,
Pyxis Funds I ,
,
Pyxis Tankers Inc ,
,
QAD Inc. ,
,
QAD Inc. ,
,
"QCR Holdings, Inc. ",
,
QLogic Corporation ,
,
"QUALCOMM, Inc. ",
,
Qiagen NV ,
,
Qiwi PLC ,
,
Qlik Technologies Inc ,
,
Qorvo Inc ,
,
Quality Distribution Inc ,
,
"Quality Systems, Inc. ",
,
Qualstar Corporation ,
,
Qualys Inc ,
,
Quantenna Communications Inc ,
,
Quartet Merger Corp. ,
,
Quest Resource Holding Corp ,
,
QuickLogic Corporation ,
,
Quidel Corporation ,
,
QuinStreet Inc ,
,
Quinpario Acquisition Corp ,
,
Quinpario Acquisition Corp 2 ,
,
Quinpario Acquisition Corp 2 ,
,
Qumu Corp ,
,
Qunar Cayman Islands Ltd ,
,
Quotient Ltd ,
,
R C M Technologies Inc ,
,
RADA Electronic Ind. Ltd. ,
,
RADCOM Ltd. ,
,
RBC Bearings Incorporated ,
,
"RCI Hospitality Holdings, Inc. ",
,
"RF Industries, Ltd. ",
,
RGC Resources Inc. ,
,
RLJ Entertainment Inc ,
,
RMG Networks Holding Corporation ,
,
RMR Group Inc ,
,
ROI Acquisition Corp II ,
,
ROI Acquisition Corp. II ,
,
RPX Corp ,
,
RR Media Ltd ,
,
RTI Surgical Inc ,
,
RXi Pharmaceuticals Corp ,
,
Ra Pharmaceuticals Inc ,
,
RadNet Inc. ,
,
RadiSys Corporation ,
,
"Radio One, Inc. ",
,
"Radio One, Inc. ",
,
Radius Health Inc ,
,
Radware Ltd. ,
,
Ramaco Resources Inc ,
,
Rambus Inc. ,
,
Ramtron International ,
,
Rand Capital Corporation ,
,
"Rand Logistics, Inc. ",
,
Randgold Resources Ltd. (ADR) ,
,
Randolph Bancorp Inc ,
,
Range Resources-Louisiana Inc ,
,
Rapid7 Inc ,
,
Raptor Pharmaceutical Corp ,
,
Rave Restaurant Group Inc ,
,
"Raven Industries, Inc. ",
,
Rda Microelectronics Inc (ADR) ,
,
ReachLocal Inc. ,
,
"Reading International, Inc. ",
,
"Reading International, Inc. ",
,
"Real Goods Solar, Inc. ",
,
Real Industry Inc ,
,
RealNetworks Inc ,
,
"RealPage, Inc. ",
,
Reata Pharmaceuticals Inc ,
,
Recon Capital NASDAQ-100 Covered Call ETF ,
,
"Recon Technology, Ltd. ",
,
Recro Pharma Inc ,
,
"Red Robin Gourmet Burgers, Inc. ",
,
Red Rock Resorts Inc ,
,
RedHill Biopharma Ltd - ADR ,
,
Regeneron Pharmaceuticals Inc ,
,
Regenxbio Inc ,
,
Regulus Therapeutics Inc ,
,
Reis Inc ,
,
"Reliv International, Inc ",
,
Relypsa Inc ,
,
Remark Media Inc ,
,
Renasant Corp. ,
,
Renewable Energy Group Inc ,
,
Rent-A-Center Inc ,
,
"Rentech, Inc. ",
,
Repligen Corporation ,
,
Repros Therapeutics Inc ,
,
Repros Therapeutics Inc. - Series B warrant ,
,
"Republic Bancorp, Inc. KY ",
,
"Republic First Bancorp, Inc. ",
,
"Research Frontiers, Inc. ",
,
Resonant Inc ,
,
Resource America Inc ,
,
"Resources Connection, Inc. ",
,
Retail Opportunity Investments Corp ,
,
Retail Opportunity Investments Corp. - Units ,
,
RetailMeNot Inc ,
,
Retalix Limited (Inactive) ,
,
Retrophin Inc ,
,
Revance Therapeutics Inc ,
,
Reven Housing Reit Inc ,
,
Revolution Lighting Technologies Inc ,
,
Rewalk Robotics Ltd ,
,
Rex Energy Corporation ,
,
RiceBran Technologies ,
,
"Richardson Electronics, Ltd. ",
,
RigNet Inc ,
,
"Rigel Pharmaceuticals, Inc. ",
,
Rightside Group Ltd ,
,
Ritter Pharmaceuticals Inc ,
,
River Valley Bancorp ,
,
"Riverbed Technology, Inc. ",
,
"Riverview Bancorp, Inc. ",
,
Rochester Medical Corporation (Inactive) ,
,
Rocket Fuel Inc ,
,
Rockwell Medical Inc ,
,
Rocky Brands Inc ,
,
"Rocky Mountain Chocolate Factory, Inc. ",
,
Rofin-Sinar Technologies ,
,
Roka Bioscience Inc ,
,
Root9B Holdings Inc ,
,
Rosetta Genomics Ltd. (USA) ,
,
"Ross Stores, Inc. ",
,
"Royal Bancshares of Pennsylvania, Inc. ",
,
Royal Bank Of Canada - Royal Bank of Canada ETN Linked S&P 500 Trend Allocator PR Index ,
,
"Royal Gold, Inc (USA) ",
,
"Rubicon Technology, Inc. ",
,
"Rush Enterprises, Inc. ",
,
"Rush Enterprises, Inc. ",
,
Russell ETF Trust ,
,
Russell ETF Trust ,
,
Russell ETF Trust ,
,
"Ruth's Hospitality Group, Inc. ",
,
Ryanair Holdings plc (ADR) ,
,
S & T Bancorp Inc ,
,
S&P Emerging Markets Infrastruct. Ind Fd ,
,
S&W Seed Company ,
,
"S.Y. Bancorp, Inc. - Cumulative Trust Preferred Stock ",
,
"SAExploration Holdings, Inc. ",
,
SAGE Therapeutics Inc ,
,
SB Financial Group Inc ,
,
"SB Financial Group, Inc. - Depositary Shares each representing a 1/100th interest in a 6.50% Noncumulative convertible perpetual preferred share, Series A ",
,
SBA Communications Corporation ,
,
SCYNEXIS Inc ,
,
SEI Investments Company ,
,
SGOCO Group Ltd ,
,
"SI Financial Group, Inc. ",
,
SINA Corp ,
,
SLM Corp ,
,
SLM Corp ,
,
SLM Corp. ,
,
"SLM Corporation - 6% Senior Notes due December 15, 2043 ",
,
"SLM Corporation - Floating Rate Non-Cumulative Preferred Stock, Series B ",
,
"SLM Corporation - Medium Term Notes, Series A, CPI-Linked Notes due March 15, 2017 ",
,
SMART Technologies Inc ,
,
SMTC Corporation (USA) ,
,
SP Plus Corp ,
,
SPAR Group Inc ,
,
SPDR Dorsey Wright Fixed Income Allocation ETF ,
,
"SPS Commerce, Inc. ",
,
"SS&C Technologies Holdings, Inc. ",
,
STAAR Surgical Company ,
,
STRATA Skin Sciences Inc ,
,
SVB Financial Group ,
,
SVB Financial Group - 7% Cumulative Trust Preferred Securities - SVB Capital II ,
,
Saban Capital Acquisition Corp. - Class A Ordinary Share ,
,
Sabra Health Care REIT Inc ,
,
Sabra Health Care REIT Inc ,
,
Sabre Corp ,
,
"Safety Insurance Group, Inc. ",
,
Sagent Pharmaceuticals Inc ,
,
Saia Inc ,
,
"Sajan, Inc. ",
,
Salem Media Group Inc ,
,
"Salisbury Bancorp, Inc. ",
,
"Salix Pharmaceuticals, Ltd. ",
,
SanDisk Corporation ,
,
"Sanderson Farms, Inc. ",
,
Sandy Spring Bancorp Inc. ,
,
Sangamo Therapeutics Inc ,
,
Sanmina Corp ,
,
Sapiens International Corporation N.V. ,
,
Sapient Corp ,
,
Sarepta Therapeutics Inc ,
,
"ScanSource, Inc. ",
,
"Schmitt Industries, Inc. ",
,
"Schnitzer Steel Industries, Inc. ",
,
Scholastic Corp ,
,
"SciClone Pharmaceuticals, Inc. ",
,
"SciQuest, Inc. ",
,
Scientific Games Corp ,
,
"Scripps Networks Interactive, Inc. ",
,
SeaChange International ,
,
SeaSpine Holdings Corp ,
,
Seacoast Banking Corporation of Florida ,
,
Seagate Technology PLC ,
,
Seanergy Maritime Holdings Corp. ,
,
Sears Canada Inc. ,
,
Sears Holdings Corp ,
,
Sears Holdings Corporation ,
,
Sears Hometown and Outlet Stores Inc ,
,
"Seattle Genetics, Inc. ",
,
Second Sight Medical Products Inc ,
,
Secureworks Corp ,
,
Security National Financial Corp ,
,
Select Bancorp Inc ,
,
Select Comfort Corp. ,
,
Select Income REIT ,
,
Selecta Biosciences Inc ,
,
Selective Insurance Group ,
,
SemiLEDs Corporation ,
,
Semtech Corporation ,
,
Seneca Foods Corp ,
,
Seneca Foods Corp ,
,
SenesTech Inc ,
,
Senior Housing Properties Trust ,
,
Senomyx Inc. ,
,
Sensus Healthcare Inc ,
,
"Sensus Healthcare, Inc. Units ",
,
"Sequenom, Inc. ",
,
Sequential Brands Group Inc ,
,
Seres Therapeutics Inc ,
,
Servicesource International Inc ,
,
"ServisFirst Bancshares, Inc. ",
,
Sevcon Inc ,
,
"Severn Bancorp, Inc. ",
,
SharpSpring Inc ,
,
Sharps Compliance Corp. ,
,
Shenandoah Telecommunications Company ,
,
"ShiftPixy, Inc. Common Stock ",
,
"Shiloh Industries, Inc. ",
,
Shineco Inc ,
,
Shire PLC (ADR) ,
,
"Shoe Carnival, Inc. ",
,
"Shore Bancshares, Inc. ",
,
ShoreTel Inc ,
,
"Shutterfly, Inc. ",
,
Siebert Financial Corp. ,
,
Sientra Inc ,
,
Sierra Bancorp ,
,
Sierra Oncology Inc ,
,
"Sierra Wireless, Inc. (USA) ",
,
Sify Technologies Limited (ADR) ,
,
Sigma Designs Inc ,
,
Sigma Labs Inc ,
,
SigmaTron International ,
,
Signature Bank ,
,
Silgan Holdings Inc. ,
,
Silicom Ltd ,
,
Silicon Graphics International Corp ,
,
"Silicon Image, Inc. ",
,
Silicon Laboratories ,
,
Silicon Motion Technology Corp. (ADR) ,
,
Siliconware Precision Industries (ADR) ,
,
Silver Standard Resources Inc. (USA) ,
,
Silvercrest Asset Management Group Inc ,
,
Simmons First National Corporation ,
,
Simplicity Bancorp Inc ,
,
"Simulations Plus, Inc. ",
,
Sinclair Broadcast Group Inc ,
,
Sinclair Television of Seattle Inc ,
,
Sino Mercury Acquisition Corp ,
,
Sino Mercury Acquisition Corp ,
,
"Sino-Global Shipping America, Ltd. ",
,
Sinovac Biotech Ltd. ,
,
Sirius XM Holdings Inc. ,
,
"Sirona Dental Systems, Inc. ",
,
Sirva Inc ,
,
Sito Mobile Ltd ,
,
Sizmek Inc ,
,
Skullcandy Inc ,
,
Sky Solar Holdings Ltd (ADR) ,
,
Sky-mobi Ltd (ADR) ,
,
"SkyWest, Inc. ",
,
Skyline Medical Inc ,
,
Skyline Medical Inc ,
,
Skypeople Fruit Juice Inc ,
,
Skyworks Solutions Inc ,
,
Smart Sand Inc ,
,
SmartFinancial Inc ,
,
SmartPros Ltd. ,
,
"Smith Micro Software, Inc. ",
,
Snyder's-Lance Inc ,
,
Social Reality Inc ,
,
"Socket Mobile, Inc. ",
,
Sodastream International Ltd ,
,
Sohu.com Inc ,
,
Solar Capital Ltd. ,
,
Solar Senior Capital Ltd ,
,
SolarCity Corp ,
,
Solaredge Technologies Inc ,
,
"Soligenix, Inc. ",
,
Somerset Hills Bancorp (Inactive) ,
,
Sonic Corporation ,
,
Sonic Foundry Inc ,
,
Sonoma Pharmaceuticals Inc ,
,
"Sonus Networks, Inc. ",
,
Sooner Holdings Inc ,
,
Sophiris Bio Inc ,
,
"Sorl Auto Parts, Inc. ",
,
Sorrento Therapeutics Inc ,
,
Sotherly Hotels Inc ,
,
Sotherly Hotels Inc ,
,
"Sound Financial Bancorp, Inc. ",
,
South State Corporation ,
,
Southcoast Financial Corporation ,
,
Southern Community Financial Corp. ,
,
"Southern First Bancshares, Inc. ",
,
"Southern Missouri Bancorp, Inc. ",
,
"Southern National Banc. of Virginia, Inc ",
,
"Southside Bancshares, Inc. ",
,
"Southwest Bancorp, Inc. ",
,
"Southwest Bancorp, Inc. - Southwest Capital Trust II- Trust Preferred Securities ",
,
"Span-America Medical Systems, Inc. ",
,
Spark Energy Inc ,
,
Spark Therapeutics Inc ,
,
Spartan Motors Inc ,
,
SpartanNash Co ,
,
Spectranetics Corp ,
,
"Spectrum Pharmaceuticals, Inc. ",
,
Sphere 3D Corp. ,
,
Spherix Inc ,
,
Spi Energy Co Ltd (ADR) ,
,
Spirit Airlines Incorporated ,
,
Splunk Inc ,
,
Spok Holdings Inc ,
,
"Spok Holdings, Inc. ",
,
"Sport Chalet, Inc. (Inactive) ",
,
"Sport Chalet, Inc. (Inactive) ",
,
Sportsman's Warehouse Holdings Inc ,
,
Spring Bank Pharmaceuticals Inc ,
,
"Sprott Focus Trust, Inc. - Closed End Fund ",
,
Sprouts Farmers Market Inc ,
,
Square 1 Financial Inc ,
,
Staffing 360 Solutions Inc ,
,
Stamps.com Inc. ,
,
Stanley Furniture Co. ,
,
"Staples, Inc. ",
,
Star Bulk Carriers Corp. ,
,
Starbucks Corporation ,
,
Starz Acquisition LLC ,
,
Starz Acquisition LLC ,
,
State Auto Financial Corp ,
,
State Bank Financial Corp ,
,
State Investors Bancorp Inc ,
,
State National Companies Inc ,
,
Steadymed Ltd ,
,
StealthGas Inc. ,
,
"Steel Dynamics, Inc. ",
,
"Stein Mart, Inc. ",
,
Stellar Acquisition III Inc. ,
,
Stellar Biotechnologies Inc ,
,
Stemline Therapeutics Inc ,
,
Stericycle Inc ,
,
"Stericycle, Inc. - Depository Receipt ",
,
"Sterling Construction Company, Inc. ",
,
"Steven Madden, Ltd. ",
,
Stewardship Financial Corporation ,
,
Stock Yards Bancorp Inc ,
,
StoneCastle Financial Corp ,
,
Stonegate Bank ,
,
"Stratasys, Ltd. ",
,
Strattec Security Corp. ,
,
Stratus Properties Inc ,
,
Strayer Education Inc ,
,
Streamline Health Solutions Inc. ,
,
Strongbridge Biopharma plc ,
,
Student Transportation Inc ,
,
"Sucampo Pharmaceuticals, Inc. ",
,
"Summer Infant, Inc. ",
,
"Summit Financial Group, Inc. ",
,
Summit State Bank ,
,
Summit Therapeutics PLC (ADR) ,
,
"Sun Bancorp, Inc. /NJ ",
,
Sun Hydraulics Corporation ,
,
"SunOpta, Inc. (USA) ",
,
SunPower Corporation ,
,
Sundance Energy Australia Ltd ,
,
Sunedison Semiconductor Ltd ,
,
"Sunesis Pharmaceuticals, Inc. ",
,
Sunrun Inc ,
,
Sunshine Bancorp Inc ,
,
Sunshine Heart Inc ,
,
Sunworks Inc ,
,
"Super Micro Computer, Inc. ",
,
SuperMedia Inc (Inactive) ,
,
Supercom Ltd ,
,
"Superconductor Technologies, Inc. ",
,
Superior Uniform Group Inc ,
,
Supernus Pharmaceuticals Inc ,
,
"Support.com, Inc. ",
,
"SurModics, Inc. ",
,
Surgery Partners Inc ,
,
Surgical Care Affiliates Inc ,
,
Sussex Bancorp ,
,
Sutron Corporation ,
,
"Sykes Enterprises, Incorporated ",
,
Symantec Corporation ,
,
Synacor Inc ,
,
Synalloy Corporation ,
,
"Synaptics, Incorporated ",
